433,4U Bathing Soap Herbal 24x250gm,70.00,24,1680,2025-06-05
433,4U Bathing Soap Herbal 24x250gm,70.00,24,1680,2025-06-05
433,4U Bathing Soap Herbal 24x250gm,70.00,24,1680,2025-06-05
433,4U Bathing Soap Herbal 24x250gm,70.00,24,1680,2025-06-05
433,4U Bathing Soap Original 24x250gm,70.00,24,1680,2025-06-05
433,4U Bathing Soap Original 24x250gm,70.00,24,1680,2025-06-05
433,4U Bathing Soap Original 24x250gm,70.00,24,1680,2025-06-05
433,4U Bathing Soap Original 24x250gm,70.00,24,1680,2025-06-05
433,4U Bathing Soap Rose 24x250gm,70.00,24,1680,2025-06-05
433,4U Bathing Soap Rose 24x250gm,70.00,24,1680,2025-06-05
433,4U Bathing Soap Rose 24x250gm,70.00,24,1680,2025-06-05
433,4U Bathing Soap Rose 24x250gm,70.00,24,1680,2025-06-05
433,4U Hair Food Deep Moisturizing 12x500ml,279.00,24,6696,2025-06-05
433,4U Hair Food Deep Moisturizing 12x500ml,279.00,12,3348,2025-06-05
433,4U Milking Jelly 24 x 200ML,70.08,24,1682,2025-06-05
433,4U Milking Jelly 24 x 200ML,70.08,48,3364,2025-06-05
433,4U Milking Jelly 24 x 200ML,70.08,24,1682,2025-06-05
433,4U Milking Jelly 24 x 200ML,70.08,24,1682,2025-06-05
433,4U Milking Jelly 48 x 50ML,21.46,144,3090,2025-06-05
433,4U Milking Jelly 48 x 50ML,21.46,48,1030,2025-06-05
433,4U Milking Jelly 48 x 50ML,21.46,48,1030,2025-06-05
433,4U Milking Jelly 48 x 50ML,21.46,48,1030,2025-06-05
433,Belleza Aloe Body Lotion 100ML X  48,43.00,24,1032,2025-06-05
433,Belleza Rose Body Lotion 100ML X  48,43.00,21,903,2025-06-05
433,Fresco Men Body Lotion 100ML X 48,43.00,24,1032,2025-06-05
433,Fresh Fri Oil Jerry Can 1LTx12(N),287.83,12,3454,2025-06-05
433,Fresh Fri Oil Jerry Can 1LTx12(N),287.83,24,6908,2025-06-05
433,Fresh Fri Oil Jerry Can 1LTx12(N),287.83,60,17270,2025-06-05
433,Fresh Fri Oil Jerry Can 1LTx12(N),287.83,120,34540,2025-06-05
433,Fresh Fri Oil Jerry Can 2LTx6(N),527.67,60,31660,2025-06-05
433,Fresh Fri Oil Jerry Can 2LTx6(N),527.67,12,6332,2025-06-05
433,Fresh Fri Oil Jerry Can 2LTx6(N),527.67,6,3166,2025-06-05
433,Fresh Fri Oil Jerry Can 3LTx6(N),783.67,18,14106,2025-06-05
433,Fresh Fri Oil Jerry Can 3LTx6(N),783.67,18,14106,2025-06-05
433,Fresh Fri Oil Jerry Can 3LTx6(N),783.67,6,4702,2025-06-05
433,Fresh Fri Oil Jerry Can 3LTx6(N),783.67,60,47020,2025-06-05
433,Fresh Fri Oil Jerry Can 500MLx12(N),148.58,120,17830,2025-06-05
433,Fresh Fri Oil Jerry Can 5LTx4(N),1199.50,40,47980,2025-06-05
433,Fresh Fri Oil Jerry Can 5LTx4(N),1199.50,8,9596,2025-06-05
433,Mpishi Poa IML Tub 2KG X 6,578.00,12,6936,2025-06-05
433,Onja Margarine Carton 12X500G,180.25,12,2163,2025-06-05
433,Onja Margarine Carton 12X500G,180.25,12,2163,2025-06-05
433,Onja Margarine Carton 12X500G,180.25,12,2163,2025-06-05
433,Onja Margarine Carton 24X250G,106.08,24,2546,2025-06-05
433,Salit Oil Jerry Can 1LTx12,274.17,12,3290,2025-06-05
433,Salit Oil Jerry Can 1LTx12,274.17,120,32900,2025-06-05
433,Salit Oil Jerry Can 2LTx6 (N),517.17,12,6206,2025-06-05
433,Salit Oil Jerry Can 2LTx6 (N),517.17,6,3103,2025-06-05
433,Salit Oil Jerry Can 2LTx6 (N),517.17,60,31030,2025-06-05
433,Salit Oil Jerry Can 3LTx6 (N),768.00,12,9216,2025-06-05
433,Salit Oil Jerry Can 3LTx6 (N),768.00,60,46080,2025-06-05
433,Salit Oil Jerry Can 5LTx4,1187.50,40,47500,2025-06-05
433,Salit Oil Jerry Can 5LTx4,1187.50,8,9500,2025-06-05
433,White Wash Multi Purpose Soap Cream 175GMx48,29.50,48,1416,2025-06-05
433,4U Bathing Soap Herbal 24x250gm,70.00,24,1680,2025-06-09
433,4U Bathing Soap Original 24x250gm,70.00,24,1680,2025-06-09
433,4U Bathing Soap Original 24x250gm,70.00,24,1680,2025-06-09
433,4U Bathing Soap Rose 24x250gm,70.00,24,1680,2025-06-09
433,4U Milking Jelly 24 x 200ML,70.08,24,1682,2025-06-09
433,4U Milking Jelly 24 x 200ML,70.08,24,1682,2025-06-09
433,4U Milking Jelly 24 x 200ML,70.08,24,1682,2025-06-09
433,4U Milking Jelly 24 x 200ML,70.08,24,1682,2025-06-09
433,4U Milking Jelly 24 x 200ML,70.08,24,1682,2025-06-09
433,4U Milking Jelly 24 x 200ML,70.08,24,1682,2025-06-09
433,4U Milking Jelly 48 x 50ML,21.46,48,1030,2025-06-09
433,4U Milking Jelly 48 x 50ML,21.46,48,1030,2025-06-09
433,4U Milking Jelly 48 x 50ML,21.46,48,1030,2025-06-09
433,4U Milking Jelly 48 x 50ML,21.46,48,1030,2025-06-09
433,Belleza Aloe Body Lotion 100ML X  48,43.00,12,516,2025-06-09
433,Belleza Rose Body Lotion 100ML X  48,43.00,12,516,2025-06-09
433,Fresco Men Body Lotion 100ML X 48,43.00,12,516,2025-06-09
433,Fresh Fri Oil Jerry Can 1LTx12(N),287.83,12,3454,2025-06-09
433,Fresh Fri Oil Jerry Can 1LTx12(N),287.83,12,3454,2025-06-09
433,Fresh Fri Oil Jerry Can 1LTx12(N),287.83,24,6908,2025-06-09
433,Fresh Fri Oil Jerry Can 2LTx6(N),527.67,6,3166,2025-06-09
433,Fresh Fri Oil Jerry Can 2LTx6(N),527.67,6,3166,2025-06-09
433,Fresh Fri Oil Jerry Can 2LTx6(N),527.67,6,3166,2025-06-09
433,Fresh Fri Oil Jerry Can 3LTx6(N),783.67,6,4702,2025-06-09
433,Fresh Fri Oil Jerry Can 3LTx6(N),783.67,6,4702,2025-06-09
433,Onja Margarine Carton 24X250G,106.08,24,2546,2025-06-09
433,Onja Margarine Carton 24X250G,106.08,24,2546,2025-06-09
433,Popco Oil Jerry Can 1LTx12,276.50,12,3318,2025-06-09
433,Popco Oil Jerry Can 1LTx12,276.50,12,3318,2025-06-09
433,Popco Oil Jerry Can 2LTx6,506.83,12,6082,2025-06-09
433,Popco Oil Jerry Can 5LTx4,1164.00,2,2328,2025-06-09
433,Salit Oil Jerry Can 1LTx12,274.17,12,3290,2025-06-09
433,Salit Oil Jerry Can 1LTx12,274.17,12,3290,2025-06-09
433,Salit Oil Jerry Can 2LTx6 (N),517.17,6,3103,2025-06-09
433,Salit Oil Jerry Can 2LTx6 (N),517.17,6,3103,2025-06-09
433,Salit Oil Jerry Can 3LTx6 (N),768.00,12,9216,2025-06-09
433,Salit Oil Jerry Can 3LTx6 (N),768.00,6,4608,2025-06-09
433,Salit Oil Jerry Can 3LTx6 (N),768.00,6,4608,2025-06-09
433,Salit Oil Jerry Can 500MLx12,145.58,12,1747,2025-06-09
433,White Wash Multi Purpose Soap Blue Color Retainer 200GMx48,43.04,48,2066,2025-06-09
433,4U Bathing Soap Herbal 24x250gm,70.00,48,3360,2025-06-10
433,4U Bathing Soap Original 24x250gm,70.00,48,3360,2025-06-10
433,4U Bathing Soap Rose 24x250gm,70.00,48,3360,2025-06-10
433,4U Hair Food Deep Moisturizing 12x500ml,279.00,12,3348,2025-06-10
433,4U Milking Jelly 24 x 200ML,70.08,24,1682,2025-06-10
433,4U Milking Jelly 48 x 50ML,21.46,48,1030,2025-06-10
433,Fresh Fri Oil Jerry Can 1LTx12(N),287.83,120,34540,2025-06-10
433,Fresh Fri Oil Jerry Can 2LTx6(N),527.67,60,31660,2025-06-10
433,Fresh Fri Oil Jerry Can 3LTx6(N),783.67,60,47020,2025-06-10
433,Fresh Fri Oil Jerry Can 5LTx4(N),1199.50,40,47980,2025-06-10
433,Onja Margarine Carton 12X500G,180.25,36,6489,2025-06-10
433,Onja Margarine Carton 24X250G,106.08,24,2546,2025-06-10
433,Popco Oil Jerry Can 1LTx12,276.50,60,16590,2025-06-10
433,Popco Oil Jerry Can 2LTx6,506.83,30,15205,2025-06-10
433,Popco Oil Jerry Can 3LTx6,752.67,30,22580,2025-06-10
433,Popco Oil Jerry Can 5LTx4,1163.50,20,23270,2025-06-10
433,Salit Oil Jerry Can 1LTx12,274.17,120,32900,2025-06-10
433,Salit Oil Jerry Can 1LTx12,274.17,36,9870,2025-06-10
433,Salit Oil Jerry Can 2LTx6 (N),517.17,18,9309,2025-06-10
433,Salit Oil Jerry Can 2LTx6 (N),517.17,60,31030,2025-06-10
433,Salit Oil Jerry Can 3LTx6 (N),768.00,60,46080,2025-06-10
433,Salit Oil Jerry Can 3LTx6 (N),768.00,18,13824,2025-06-10
433,Salit Oil Jerry Can 5LTx4,1187.50,12,14250,2025-06-10
433,Salit Oil Jerry Can 5LTx4,1187.50,40,47500,2025-06-10
433,Fresh Fri Oil Jerry Can 1LTx12(N),287.83,24,6908,2025-06-12
433,Fresh Fri Oil Jerry Can 2LTx6(N),527.67,12,6332,2025-06-12
433,Fresh Fri Oil Jerry Can 3LTx6(N),783.67,18,14106,2025-06-12
433,Fresh Fri Oil Jerry Can 5LTx4(N),1199.50,20,23990,2025-06-12
433,Popco Oil 500MLx12,142.67,36,5136,2025-06-12
433,Popco Oil Jerry Can 2LTx6,506.83,12,6082,2025-06-12
433,Salit Oil Jerry Can 1LTx12,274.17,36,9870,2025-06-12
433,Salit Oil Jerry Can 3LTx6 (N),768.00,12,9216,2025-06-12
433,4U Bathing Soap Herbal 24x250gm,70.00,24,1680,2025-06-13
433,4U Bathing Soap Herbal 24x250gm,70.00,24,1680,2025-06-13
433,4U Bathing Soap Herbal 24x250gm,70.00,24,1680,2025-06-13
433,4U Bathing Soap Herbal 24x250gm,70.00,12,840,2025-06-13
433,4U Bathing Soap Herbal 24x250gm,70.00,24,1680,2025-06-13
433,4U Bathing Soap Herbal 24x250gm,70.00,6,420,2025-06-13
433,4U Bathing Soap Herbal 24x250gm,70.00,24,1680,2025-06-13
433,4U Bathing Soap Original 24x250gm,70.00,24,1680,2025-06-13
433,4U Bathing Soap Original 24x250gm,70.00,24,1680,2025-06-13
433,4U Bathing Soap Original 24x250gm,70.00,24,1680,2025-06-13
433,4U Bathing Soap Original 24x250gm,70.00,12,840,2025-06-13
433,4U Bathing Soap Original 24x250gm,70.00,24,1680,2025-06-13
433,4U Bathing Soap Original 24x250gm,70.00,6,420,2025-06-13
433,4U Bathing Soap Original 24x250gm,70.00,24,1680,2025-06-13
433,4U Bathing Soap Rose 24x250gm,70.00,24,1680,2025-06-13
433,4U Bathing Soap Rose 24x250gm,70.00,24,1680,2025-06-13
433,4U Bathing Soap Rose 24x250gm,70.00,24,1680,2025-06-13
433,4U Bathing Soap Rose 24x250gm,70.00,6,420,2025-06-13
433,4U Hair Food Deep Moisturizing 12x500ml,279.00,12,3348,2025-06-13
433,4U Milking Jelly 24 x 200ML,70.08,48,3364,2025-06-13
433,4U Milking Jelly 24 x 200ML,70.08,24,1682,2025-06-13
433,4U Milking Jelly 24 x 200ML,70.08,24,1682,2025-06-13
433,4U Milking Jelly 24 x 200ML,70.08,24,1682,2025-06-13
433,4U Milking Jelly 48 x 50ML,21.46,48,1030,2025-06-13
433,4U Milking Jelly 48 x 50ML,21.46,48,1030,2025-06-13
433,4U Milking Jelly 48 x 50ML,21.46,48,1030,2025-06-13
433,Belleza Aloe Body Lotion 100ML X  48,42.90,48,2059,2025-06-13
433,Belleza Aloe Body Lotion 100ML X  48,43.00,6,258,2025-06-13
433,Fresco Men Body Lotion 100ML X 48,43.00,6,258,2025-06-13
433,Fresh Fri Oil Jerry Can 1LTx12(N),287.83,24,6908,2025-06-13
433,Fresh Fri Oil Jerry Can 1LTx12(N),287.83,12,3454,2025-06-13
433,Fresh Fri Oil Jerry Can 2LTx6(N),527.67,12,6332,2025-06-13
433,Fresh Fri Oil Jerry Can 2LTx6(N),527.67,6,3166,2025-06-13
433,Fresh Fri Oil Jerry Can 3LTx6(N),783.67,6,4702,2025-06-13
433,Fresh Fri Oil Jerry Can 3LTx6(N),783.67,12,9404,2025-06-13
433,Fresh Fri Oil Jerry Can 5LTx4(N),1199.50,8,9596,2025-06-13
433,Salit Oil Jerry Can 1LTx12,274.17,12,3290,2025-06-13
433,Salit Oil Jerry Can 1LTx12,274.17,12,3290,2025-06-13
433,Salit Oil Jerry Can 1LTx12,274.17,12,3290,2025-06-13
433,Salit Oil Jerry Can 1LTx12,274.17,24,6580,2025-06-13
433,Salit Oil Jerry Can 2LTx6 (N),517.17,6,3103,2025-06-13
433,Salit Oil Jerry Can 2LTx6 (N),517.17,12,6206,2025-06-13
433,Salit Oil Jerry Can 3LTx6 (N),768.00,6,4608,2025-06-13
433,Salit Oil Jerry Can 3LTx6 (N),768.00,12,9216,2025-06-13
433,Salit Oil Jerry Can 500MLx12,145.58,12,1747,2025-06-13
433,Salit Oil Jerry Can 5LTx4,1187.50,8,9500,2025-06-13
433,4U Bathing Soap Herbal 24x250gm,70.00,24,1680,2025-06-16
433,4U Bathing Soap Original 24x250gm,70.00,24,1680,2025-06-16
433,4U Bathing Soap Original 24x250gm,70.00,24,1680,2025-06-16
433,4U Bathing Soap Rose 24x250gm,70.00,24,1680,2025-06-16
433,4U Hair Food Deep Moisturizing 12x500ml,279.00,12,3348,2025-06-16
433,4U Hair Food Deep Moisturizing 12x500ml,310.00,6,1860,2025-06-16
433,4U Milking Jelly 24 x 200ML,70.08,48,3364,2025-06-16
433,4U Milking Jelly 24 x 200ML,70.08,24,1682,2025-06-16
433,4U Milking Jelly 24 x 200ML,70.08,24,1682,2025-06-16
433,4U Milking Jelly 24 x 200ML,70.08,120,8410,2025-06-16
433,4U Milking Jelly 24 x 200ML,70.08,24,1682,2025-06-16
433,4U Milking Jelly 48 x 50ML,21.46,96,2060,2025-06-16
433,Belleza Aloe Body Lotion 100ML X  48,42.90,48,2059,2025-06-16
433,Fresh Fri Oil Jerry Can 1LTx12(N),287.83,24,6908,2025-06-16
433,Fresh Fri Oil Jerry Can 2LTx6(N),527.67,12,6332,2025-06-16
433,Fresh Fri Oil Jerry Can 2LTx6(N),527.67,12,6332,2025-06-16
433,Fresh Fri Oil Jerry Can 2LTx6(N),527.67,12,6332,2025-06-16
433,Fresh Fri Oil Jerry Can 3LTx6(N),783.67,12,9404,2025-06-16
433,Fresh Fri Oil Jerry Can 3LTx6(N),783.67,12,9404,2025-06-16
433,Fresh Fri Oil Jerry Can 3LTx6(N),783.67,12,9404,2025-06-16
433,Onja Margarine Carton 12X500G,180.25,12,2163,2025-06-16
433,Onja Margarine Carton 12X500G,180.25,12,2163,2025-06-16
433,Onja Margarine Carton 24X250G,106.08,24,2546,2025-06-16
433,Popco Oil 500MLx12,142.67,36,5136,2025-06-16
433,Popco Oil Jerry Can 1LTx12,276.50,24,6636,2025-06-16
433,Popco Oil Jerry Can 1LTx12,276.50,36,9954,2025-06-16
433,Popco Oil Jerry Can 1LTx12,276.50,12,3318,2025-06-16
433,Popco Oil Jerry Can 2LTx6,506.83,12,6082,2025-06-16
433,Popco Oil Jerry Can 2LTx6,506.83,12,6082,2025-06-16
433,Popco Oil Jerry Can 2LTx6,506.83,12,6082,2025-06-16
433,Popco Oil Jerry Can 3LTx6,752.67,18,13548,2025-06-16
433,Popco Oil Jerry Can 3LTx6,752.67,12,9032,2025-06-16
433,Popco Oil Jerry Can 5LTx4,1163.50,16,18616,2025-06-16
433,Salit Oil Jerry Can 1LTx12,274.17,24,6580,2025-06-16
433,Salit Oil Jerry Can 2LTx6 (N),517.17,12,6206,2025-06-16
433,Salit Oil Jerry Can 3LTx6 (N),768.00,6,4608,2025-06-16
433,Salit Oil Jerry Can 500MLx12,145.58,24,3494,2025-06-16
433,Salit Oil Jerry Can 5LTx4,1187.50,16,19000,2025-06-16
433,Salit Oil Jerry Can 5LTx4,1187.50,4,4750,2025-06-16
433,Salit Oil Jerry Can 5LTx4,1187.50,20,23750,2025-06-16
433,White Wash Multi Purpose Soap Blue Colour Retainer 175GMx48,29.50,48,1416,2025-06-16
433,White Wash Multi Purpose Soap Green Antiseptic 200GMx48,43.04,48,2066,2025-06-16
433,White Wash Multi Purpose Soap White Brilliant Colors 90GMx72,13.28,72,956,2025-06-16
433,4U Milking Jelly 24 x 200ML,70.08,24,1682,2025-06-17
433,4U Milking Jelly 48 x 50ML,21.46,48,1030,2025-06-17
433,Fresh Fri Oil Jerry Can 1LTx12(N),287.83,60,17270,2025-06-17
433,Fresh Fri Oil Jerry Can 2LTx6(N),527.67,30,15830,2025-06-17
433,Fresh Fri Oil Jerry Can 3LTx6(N),783.67,30,23510,2025-06-17
433,Fresh Fri Oil Jerry Can 5LTx4(N),1199.50,20,23990,2025-06-17
433,Frymate Fat IML Tub 2KG X 6,578.00,12,6936,2025-06-17
433,Onja Margarine Carton 12X500G,180.25,24,4326,2025-06-17
433,Popco Oil 500MLx12,142.67,60,8560,2025-06-17
433,Popco Oil Jerry Can 1LTx12,276.50,60,16590,2025-06-17
433,Popco Oil Jerry Can 2LTx6,506.83,30,15205,2025-06-17
433,Popco Oil Jerry Can 3LTx6,752.67,30,22580,2025-06-17
433,Salit Oil Jerry Can 1LTx12,274.17,60,16450,2025-06-17
433,Salit Oil Jerry Can 2LTx6 (N),517.17,30,15515,2025-06-17
433,Salit Oil Jerry Can 3LTx6 (N),768.00,30,23040,2025-06-17
433,Salit Oil Jerry Can 5LTx4,1187.50,20,23750,2025-06-17
433,4U Bathing Soap Herbal 24x250gm,70.00,24,1680,2025-06-18
433,4U Bathing Soap Herbal 24x250gm,70.00,24,1680,2025-06-18
433,4U Bathing Soap Original 24x250gm,70.00,24,1680,2025-06-18
433,4U Bathing Soap Original 24x250gm,70.00,24,1680,2025-06-18
433,4U Bathing Soap Rose 24x250gm,70.00,24,1680,2025-06-18
433,4U Bathing Soap Rose 24x250gm,70.00,24,1680,2025-06-18
433,4U Milking Jelly 24 x 200ML,70.08,48,3364,2025-06-18
433,4U Milking Jelly 24 x 200ML,70.08,24,1682,2025-06-18
433,4U Milking Jelly 24 x 200ML,70.08,24,1682,2025-06-18
433,4U Milking Jelly 48 x 50ML,21.46,48,1030,2025-06-18
433,4U Milking Jelly 48 x 50ML,21.46,48,1030,2025-06-18
433,4U Milking Jelly 48 x 50ML,21.46,96,2060,2025-06-18
433,Belleza Rose Body Lotion 100ML X  48,43.00,12,516,2025-06-18
433,Fresh Fri Oil Jerry Can 1LTx12(N),287.83,24,6908,2025-06-18
433,Fresh Fri Oil Jerry Can 2LTx6(N),527.67,12,6332,2025-06-18
433,Fresh Fri Oil Jerry Can 3LTx6(N),783.67,12,9404,2025-06-18
433,Onja Margarine Carton 24X250G,106.08,24,2546,2025-06-18
433,Popco Oil Jerry Can 1LTx12,276.50,24,6636,2025-06-18
433,Popco Oil Jerry Can 3LTx6,752.67,30,22580,2025-06-18
433,Popco Oil Jerry Can 3LTx6,752.67,12,9032,2025-06-18
433,Popco Oil Jerry Can 5LTx4,1163.50,20,23270,2025-06-18
433,Salit Oil Jerry Can 1LTx12,274.17,24,6580,2025-06-18
433,Salit Oil Jerry Can 3LTx6 (N),768.00,6,4608,2025-06-18
433,Salit Oil Jerry Can 3LTx6 (N),768.00,18,13824,2025-06-18
433,Salit Oil Jerry Can 5LTx4,1187.50,12,14250,2025-06-18
433,White Wash Multi Purpose Soap White Brilliant Colors 175GMx48,29.50,96,2832,2025-06-18
433,4U Milking Jelly 24 x 200ML,70.08,120,8410,2025-06-20
433,4U Milking Jelly 48 x 50ML,21.46,48,1030,2025-06-20
433,4U Milking Jelly 48 x 50ML,21.46,240,5150,2025-06-20
433,Belleza Rose Body Lotion 100ML X  48,42.90,48,2059,2025-06-20
433,Belleza Rose Body Lotion 100ML X  48,42.90,240,10295,2025-06-20
433,Fresh Fri Oil Jerry Can 1LTx12(N),287.83,24,6908,2025-06-20
433,Fresh Fri Oil Jerry Can 1LTx12(N),287.83,36,10362,2025-06-20
433,Fresh Fri Oil Jerry Can 2LTx6(N),527.67,18,9498,2025-06-20
433,Fresh Fri Oil Jerry Can 3LTx6(N),783.67,18,14106,2025-06-20
433,Fresh Fri Oil Jerry Can 5LTx4(N),1199.50,8,9596,2025-06-20
433,Popco Oil Jerry Can 1LTx12,276.50,24,6636,2025-06-20
433,Popco Oil Jerry Can 3LTx6,752.67,30,22580,2025-06-20
433,Popco Oil Jerry Can 5LTx4,1163.50,20,23270,2025-06-20
433,Salit Oil Jerry Can 1LTx12,274.17,12,3290,2025-06-20
433,Salit Oil Jerry Can 2LTx6 (N),517.17,18,9309,2025-06-20
433,Salit Oil Jerry Can 3LTx6 (N),768.00,18,13824,2025-06-20
433,4U Bathing Soap Herbal 24x250gm,70.00,24,1680,2025-06-23
433,4U Bathing Soap Herbal 24x250gm,70.00,12,840,2025-06-23
433,4U Bathing Soap Original 24x250gm,70.00,12,840,2025-06-23
433,4U Bathing Soap Original 24x250gm,70.00,48,3360,2025-06-23
433,4U Bathing Soap Original 24x250gm,70.00,24,1680,2025-06-23
433,4U Bathing Soap Rose 24x250gm,70.00,24,1680,2025-06-23
433,4U Hair Food Deep Moisturizing 12x500ml,279.00,12,3348,2025-06-23
433,4U Milking Jelly 24 x 200ML,70.08,24,1682,2025-06-23
433,4U Milking Jelly 24 x 200ML,70.08,24,1682,2025-06-23
433,4U Milking Jelly 24 x 200ML,70.08,24,1682,2025-06-23
433,4U Milking Jelly 48 x 50ML,21.46,48,1030,2025-06-23
433,4U Milking Jelly 48 x 50ML,30.00,12,360,2025-06-23
433,Belleza Aloe Body Lotion 100ML X  48,42.90,48,2059,2025-06-23
433,Belleza Rose Body Lotion 100ML X  48,43.00,1,43,2025-06-23
433,Belleza Rose Body Lotion 100ML X  48,42.90,48,2059,2025-06-23
433,Fresco Men Body Lotion 100ML X 48,42.90,48,2059,2025-06-23
433,Fresh Fri Oil Jerry Can 1LTx12(N),287.83,48,13816,2025-06-23
433,Fresh Fri Oil Jerry Can 2LTx6(N),527.67,18,9498,2025-06-23
433,Fresh Fri Oil Jerry Can 2LTx6(N),527.67,30,15830,2025-06-23
433,Fresh Fri Oil Jerry Can 3LTx6(N),783.67,18,14106,2025-06-23
433,Fresh Fri Oil Jerry Can 5LTx4(N),1199.50,16,19192,2025-06-23
433,Fresh Fri Oil Jerry Can 5LTx4(N),1199.50,20,23990,2025-06-23
433,Fryking Fat Yellow Refill 1KGx10,308.90,10,3089,2025-06-23
433,Frymate Fat IML Tub 2KG X 6,578.00,12,6936,2025-06-23
433,Onja Margarine Carton 12X500G,180.25,12,2163,2025-06-23
433,Onja Margarine Carton 12X500G,180.25,12,2163,2025-06-23
433,Onja Margarine Carton 24X250G,106.08,24,2546,2025-06-23
433,Popco Oil 500MLx12,143.00,2,286,2025-06-23
433,Popco Oil Jerry Can 3LTx6,752.67,18,13548,2025-06-23
433,Popco Oil Jerry Can 3LTx6,752.67,18,13548,2025-06-23
433,Popco Oil Jerry Can 5LTx4,1163.50,12,13962,2025-06-23
433,Popco Oil Jerry Can 5LTx4,1163.50,20,23270,2025-06-23
433,Popco Oil Jerry Can 5LTx4,1163.50,20,23270,2025-06-23
433,Salit Oil Jerry Can 3LTx6 (N),768.00,18,13824,2025-06-23
433,Salit Oil Jerry Can 3LTx6 (N),768.00,18,13824,2025-06-23
433,Salit Oil Jerry Can 5LTx4,1187.50,20,23750,2025-06-23
433,Salit Oil Jerry Can 5LTx4,1187.50,12,14250,2025-06-23
433,White Wash Multi Purpose Soap Cream 175GMx48,29.50,96,2832,2025-06-23
433,4U Bathing Soap Herbal 24x250gm,70.00,24,1680,2025-06-24
433,4U Bathing Soap Herbal 24x250gm,70.00,12,840,2025-06-24
433,4U Bathing Soap Herbal 24x250gm,70.00,24,1680,2025-06-24
433,4U Bathing Soap Herbal 24x250gm,70.00,24,1680,2025-06-24
433,4U Bathing Soap Original 24x250gm,70.00,24,1680,2025-06-24
433,4U Bathing Soap Original 24x250gm,70.00,24,1680,2025-06-24
433,4U Bathing Soap Original 24x250gm,70.00,12,840,2025-06-24
433,4U Bathing Soap Original 24x250gm,70.00,24,1680,2025-06-24
433,4U Bathing Soap Rose 24x250gm,70.00,24,1680,2025-06-24
433,4U Bathing Soap Rose 24x250gm,70.00,24,1680,2025-06-24
433,4U Bathing Soap Rose 24x250gm,70.00,12,840,2025-06-24
433,4U Bathing Soap Rose 24x250gm,70.00,24,1680,2025-06-24
433,4U Hair Food Deep Moisturizing 12x500ml,279.00,12,3348,2025-06-24
433,4U Milking Jelly 24 x 200ML,70.08,24,1682,2025-06-24
433,4U Milking Jelly 24 x 200ML,70.08,24,1682,2025-06-24
433,4U Milking Jelly 48 x 50ML,30.00,12,360,2025-06-24
433,4U Milking Jelly 48 x 50ML,21.46,48,1030,2025-06-24
433,4U Milking Jelly 48 x 50ML,21.46,48,1030,2025-06-24
433,Belleza Aloe Body Lotion 100ML X  48,42.90,48,2059,2025-06-24
433,Belleza Rose Body Lotion 100ML X  48,42.90,48,2059,2025-06-24
433,Belleza Rose Body Lotion 100ML X  48,43.00,12,516,2025-06-24
433,Fresco Men Body Lotion 100ML X 48,42.90,48,2059,2025-06-24
433,Fresco Men Body Lotion 100ML X 48,43.00,12,516,2025-06-24
433,Fresh Fri Oil Jerry Can 1LTx12(N),287.83,24,6908,2025-06-24
433,Fresh Fri Oil Jerry Can 2LTx6(N),527.67,12,6332,2025-06-24
433,Fresh Fri Oil Jerry Can 2LTx6(N),527.67,12,6332,2025-06-24
433,Fresh Fri Oil Jerry Can 3LTx6(N),783.67,12,9404,2025-06-24
433,Fresh Fri Oil Jerry Can 3LTx6(N),783.67,12,9404,2025-06-24
433,Fresh Fri Oil Jerry Can 3LTx6(N),783.67,6,4702,2025-06-24
433,Fresh Fri Oil Jerry Can 5LTx4(N),1199.50,4,4798,2025-06-24
433,Onja Margarine Carton 24X250G,106.08,24,2546,2025-06-24
433,Popco Oil Jerry Can 1LTx12,276.50,12,3318,2025-06-24
433,Popco Oil Jerry Can 2LTx6,506.83,6,3041,2025-06-24
433,Salit Oil Jerry Can 3LTx6 (N),768.00,6,4608,2025-06-24
433,Salit Oil Jerry Can 5LTx4,1187.50,4,4750,2025-06-24
433,Salit Oil Jerry Can 5LTx4,1187.50,8,9500,2025-06-24
433,White Wash Multi Purpose Soap Blue Colour Retainer 175GMx48,29.50,48,1416,2025-06-24
433,White Wash Multi Purpose Soap Cream 175GMx48,29.50,48,1416,2025-06-24
433,White Wash Multi Purpose Soap Green Antiseptic 200GMx48,43.04,48,2066,2025-06-24
433,4U Bathing Soap Herbal 24x250gm,70.00,24,1680,2025-06-26
433,4U Bathing Soap Herbal 24x250gm,70.00,24,1680,2025-06-26
433,4U Bathing Soap Herbal 24x250gm,70.00,48,3360,2025-06-26
433,4U Bathing Soap Herbal 24x250gm,70.00,24,1680,2025-06-26
433,4U Bathing Soap Original 24x250gm,70.00,24,1680,2025-06-26
433,4U Bathing Soap Original 24x250gm,70.00,24,1680,2025-06-26
433,4U Bathing Soap Original 24x250gm,70.00,24,1680,2025-06-26
433,4U Bathing Soap Original 24x250gm,70.00,24,1680,2025-06-26
433,4U Bathing Soap Rose 24x250gm,70.00,24,1680,2025-06-26
433,4U Bathing Soap Rose 24x250gm,70.00,24,1680,2025-06-26
433,4U Bathing Soap Rose 24x250gm,70.00,24,1680,2025-06-26
433,4U Milking Jelly 24 x 200ML,70.08,24,1682,2025-06-26
433,4U Milking Jelly 48 x 50ML,21.46,48,1030,2025-06-26
433,4U Milking Jelly 48 x 50ML,21.46,96,2060,2025-06-26
433,Fresh Fri Oil Jerry Can 1LTx12(N),287.83,36,10362,2025-06-26
433,Fresh Fri Oil Jerry Can 1LTx12(N),287.83,24,6908,2025-06-26
433,Fresh Fri Oil Jerry Can 1LTx12(N),287.83,24,6908,2025-06-26
433,Fresh Fri Oil Jerry Can 1LTx12(N),287.83,36,10362,2025-06-26
433,Fresh Fri Oil Jerry Can 1LTx12(N),287.83,36,10362,2025-06-26
433,Fresh Fri Oil Jerry Can 2LTx6(N),527.67,18,9498,2025-06-26
433,Fresh Fri Oil Jerry Can 2LTx6(N),527.67,18,9498,2025-06-26
433,Fresh Fri Oil Jerry Can 3LTx6(N),783.67,12,9404,2025-06-26
433,Fresh Fri Oil Jerry Can 500MLx12(N),148.58,24,3566,2025-06-26
433,Fresh Fri Oil Jerry Can 5LTx4(N),1199.50,20,23990,2025-06-26
433,Fresh Fri Oil Jerry Can 5LTx4(N),1199.50,16,19192,2025-06-26
433,Fresh Fri Oil Jerry Can 5LTx4(N),1199.50,8,9596,2025-06-26
433,Fresh Fri Oil Jerry Can 5LTx4(N),1199.50,20,23990,2025-06-26
433,Onja Margarine Carton 12X500G,180.25,12,2163,2025-06-26
433,Onja Margarine Carton 24X250G,106.08,24,2546,2025-06-26
433,Popco Oil Jerry Can 1LTx12,276.50,36,9954,2025-06-26
433,Popco Oil Jerry Can 1LTx12,276.50,24,6636,2025-06-26
433,Popco Oil Jerry Can 2LTx6,506.83,12,6082,2025-06-26
433,Popco Oil Jerry Can 2LTx6,506.83,18,9123,2025-06-26
433,Popco Oil Jerry Can 5LTx4,1163.50,12,13962,2025-06-26
433,Salit Oil Jerry Can 1LTx12,274.17,12,3290,2025-06-26
433,Salit Oil Jerry Can 1LTx12,274.17,24,6580,2025-06-26
433,Salit Oil Jerry Can 1LTx12,274.17,36,9870,2025-06-26
433,Salit Oil Jerry Can 1LTx12,274.17,36,9870,2025-06-26
433,Salit Oil Jerry Can 2LTx6 (N),517.17,18,9309,2025-06-26
433,Salit Oil Jerry Can 2LTx6 (N),517.17,12,6206,2025-06-26
433,Salit Oil Jerry Can 2LTx6 (N),517.17,12,6206,2025-06-26
433,Salit Oil Jerry Can 3LTx6 (N),768.00,18,13824,2025-06-26
433,Salit Oil Jerry Can 3LTx6 (N),768.00,12,9216,2025-06-26
433,Salit Oil Jerry Can 3LTx6 (N),768.00,18,13824,2025-06-26
433,Salit Oil Jerry Can 500MLx12,145.58,12,1747,2025-06-26
433,Salit Oil Jerry Can 5LTx4,1187.50,8,9500,2025-06-26
433,Salit Oil Jerry Can 5LTx4,1187.50,8,9500,2025-06-26
433,Salit Oil Jerry Can 5LTx4,1187.50,8,9500,2025-06-26
433,Salit Oil Jerry Can 5LTx4,1187.50,8,9500,2025-06-26
433,Salit Oil Jerry Can 5LTx4,1187.50,16,19000,2025-06-26
433,White Wash Multi Purpose Soap Blue Colour Retainer 175GMx48,29.50,48,1416,2025-06-26
433,White Wash Multi Purpose Soap Cream 175GMx48,29.50,48,1416,2025-06-26
433,White Wash Multi Purpose Soap White Brilliant Colors 200GMx48,43.04,48,2066,2025-06-26
433,4U Bathing Soap Herbal 24x250gm,70.00,6,420,2025-06-27
433,4U Bathing Soap Herbal 24x250gm,70.00,24,1680,2025-06-27
433,4U Bathing Soap Herbal 24x250gm,70.00,24,1680,2025-06-27
433,4U Bathing Soap Herbal 24x250gm,70.00,24,1680,2025-06-27
433,4U Bathing Soap Herbal 24x250gm,70.00,12,840,2025-06-27
433,4U Bathing Soap Herbal 24x250gm,70.00,24,1680,2025-06-27
433,4U Bathing Soap Original 24x250gm,70.00,6,420,2025-06-27
433,4U Bathing Soap Original 24x250gm,70.00,24,1680,2025-06-27
433,4U Bathing Soap Original 24x250gm,70.00,24,1680,2025-06-27
433,4U Bathing Soap Original 24x250gm,70.00,12,840,2025-06-27
433,4U Bathing Soap Original 24x250gm,70.00,24,1680,2025-06-27
433,4U Bathing Soap Rose 24x250gm,70.00,6,420,2025-06-27
433,4U Bathing Soap Rose 24x250gm,70.00,24,1680,2025-06-27
433,4U Bathing Soap Rose 24x250gm,70.00,24,1680,2025-06-27
433,4U Bathing Soap Rose 24x250gm,70.00,24,1680,2025-06-27
433,4U Milking Jelly 24 x 200ML,70.08,24,1682,2025-06-27
433,4U Milking Jelly 48 x 50ML,21.46,48,1030,2025-06-27
433,4U Milking Jelly 48 x 50ML,21.46,48,1030,2025-06-27
433,4U Milking Jelly 48 x 50ML,30.00,12,360,2025-06-27
433,Belleza Aloe Body Lotion 100ML X  48,42.90,48,2059,2025-06-27
433,Fresh Fri Oil Jerry Can 1LTx12(N),287.83,36,10362,2025-06-27
433,Fresh Fri Oil Jerry Can 1LTx12(N),287.83,24,6908,2025-06-27
433,Fresh Fri Oil Jerry Can 1LTx12(N),287.83,12,3454,2025-06-27
433,Fresh Fri Oil Jerry Can 2LTx6(N),527.67,6,3166,2025-06-27
433,Fresh Fri Oil Jerry Can 2LTx6(N),527.67,6,3166,2025-06-27
433,Fresh Fri Oil Jerry Can 2LTx6(N),527.67,18,9498,2025-06-27
433,Fresh Fri Oil Jerry Can 2LTx6(N),527.67,12,6332,2025-06-27
433,Fresh Fri Oil Jerry Can 2LTx6(N),527.67,6,3166,2025-06-27
433,Fresh Fri Oil Jerry Can 3LTx6(N),783.67,6,4702,2025-06-27
433,Fresh Fri Oil Jerry Can 3LTx6(N),783.67,12,9404,2025-06-27
433,Fresh Fri Oil Jerry Can 3LTx6(N),783.67,18,14106,2025-06-27
433,Fresh Fri Oil Jerry Can 500MLx12(N),148.58,24,3566,2025-06-27
433,Fresh Fri Oil Jerry Can 5LTx4(N),1199.50,8,9596,2025-06-27
433,Fresh Fri Oil Jerry Can 5LTx4(N),1199.50,4,4798,2025-06-27
433,Onja Margarine Carton 24X250G,150.00,12,1800,2025-06-27
433,Popco Oil 500MLx12,142.67,12,1712,2025-06-27
433,Popco Oil Jerry Can 1LTx12,276.50,24,6636,2025-06-27
433,Popco Oil Jerry Can 1LTx12,276.50,24,6636,2025-06-27
433,Popco Oil Jerry Can 2LTx6,506.83,12,6082,2025-06-27
433,Popco Oil Jerry Can 2LTx6,506.83,18,9123,2025-06-27
433,Popco Oil Jerry Can 3LTx6,752.67,12,9032,2025-06-27
433,Popco Oil Jerry Can 5LTx4,1163.50,8,9308,2025-06-27
433,Salit Oil Jerry Can 1LTx12,274.17,12,3290,2025-06-27
433,Salit Oil Jerry Can 1LTx12,274.17,12,3290,2025-06-27
433,Salit Oil Jerry Can 2LTx6 (N),517.17,12,6206,2025-06-27
433,Salit Oil Jerry Can 2LTx6 (N),517.17,12,6206,2025-06-27
433,Salit Oil Jerry Can 2LTx6 (N),517.17,18,9309,2025-06-27
433,Salit Oil Jerry Can 3LTx6 (N),768.00,12,9216,2025-06-27
433,Salit Oil Jerry Can 3LTx6 (N),768.00,12,9216,2025-06-27
433,Salit Oil Jerry Can 3LTx6 (N),768.00,12,9216,2025-06-27
433,Salit Oil Jerry Can 5LTx4,1187.50,8,9500,2025-06-27
433,Salit Oil Jerry Can 5LTx4,1187.50,40,47500,2025-06-27
433,Salit Oil Jerry Can 5LTx4,1187.50,8,9500,2025-06-27
433,4U Bathing Soap Herbal 24x250gm,70.00,48,3360,2025-06-30
433,4U Bathing Soap Original 24x250gm,70.00,48,3360,2025-06-30
433,4U Bathing Soap Rose 24x250gm,70.00,48,3360,2025-06-30
433,4U Milking Jelly 24 x 200ML,70.08,24,1682,2025-06-30
433,4U Milking Jelly 48 x 50ML,21.46,48,1030,2025-06-30
433,Belleza Aloe Body Lotion 100ML X  48,42.90,48,2059,2025-06-30
433,Fresco Men Body Lotion 100ML X 48,42.90,48,2059,2025-06-30
433,Fresh Fri Oil Jerry Can 1LTx12(N),287.83,60,17270,2025-06-30
433,Fresh Fri Oil Jerry Can 1LTx12(N),287.83,60,17270,2025-06-30
433,Fresh Fri Oil Jerry Can 2LTx6(N),527.67,18,9498,2025-06-30
433,Fresh Fri Oil Jerry Can 3LTx6(N),783.67,18,14106,2025-06-30
433,Fresh Fri Oil Jerry Can 5LTx4(N),1199.50,12,14394,2025-06-30
433,Salit Oil Jerry Can 2LTx6 (N),517.17,18,9309,2025-06-30
433,Salit Oil Jerry Can 3LTx6 (N),768.00,18,13824,2025-06-30
433,Salit Oil Jerry Can 5LTx4,1187.50,8,9500,2025-06-30
493,4U Bathing Soap Herbal 24x250gm,70.00,8,560,2025-06-05
493,4U Bathing Soap Herbal 24x250gm,70.00,6,420,2025-06-05
493,4U Bathing Soap Original 24x250gm,70.00,8,560,2025-06-05
493,4U Bathing Soap Original 24x250gm,70.00,6,420,2025-06-05
493,4U Bathing Soap Rose 24x250gm,70.00,8,560,2025-06-05
493,4U Bathing Soap Rose 24x250gm,70.00,6,420,2025-06-05
493,4U Milking Jelly 24 x 200ML,80.00,6,480,2025-06-05
493,4U Milking Jelly 24 x 200ML,80.00,12,960,2025-06-05
493,4U Milking Jelly 24 x 200ML,70.08,24,1682,2025-06-05
493,4U Milking Jelly 24 x 200ML,70.08,24,1682,2025-06-05
493,4U Milking Jelly 48 x 50ML,21.46,48,1030,2025-06-05
493,4U Milking Jelly 48 x 50ML,30.00,12,360,2025-06-05
493,4U Milking Jelly 48 x 50ML,30.00,12,360,2025-06-05
493,4U Milking Jelly 48 x 50ML,30.00,12,360,2025-06-05
493,Fresh Fri Oil Jerry Can 1LTx12(N),287.83,48,13816,2025-06-05
493,Fresh Fri Oil Jerry Can 1LTx12(N),287.83,12,3454,2025-06-05
493,Fresh Fri Oil Jerry Can 2LTx6(N),527.67,12,6332,2025-06-05
493,Fresh Fri Oil Jerry Can 2LTx6(N),527.67,6,3166,2025-06-05
493,Fresh Fri Oil Jerry Can 2LTx6(N),527.67,60,31660,2025-06-05
493,Fresh Fri Oil Jerry Can 2LTx6(N),527.67,12,6332,2025-06-05
493,Fresh Fri Oil Jerry Can 3LTx6(N),783.67,30,23510,2025-06-05
493,Fresh Fri Oil Jerry Can 500MLx12(N),148.58,60,8915,2025-06-05
493,Fresh Fri Oil Jerry Can 5LTx4(N),1199.50,32,38384,2025-06-05
493,Salit Oil Jerry Can 1LTx12,274.17,36,9870,2025-06-05
493,Salit Oil Jerry Can 1LTx12,274.17,12,3290,2025-06-05
493,Salit Oil Jerry Can 2LTx6 (N),517.17,30,15515,2025-06-05
493,Salit Oil Jerry Can 2LTx6 (N),517.17,6,3103,2025-06-05
493,Salit Oil Jerry Can 2LTx6 (N),517.17,6,3103,2025-06-05
493,Salit Oil Jerry Can 3LTx6 (N),768.00,18,13824,2025-06-05
493,Salit Oil Jerry Can 5LTx4,1187.50,4,4750,2025-06-05
493,Salit Oil Jerry Can 5LTx4,1187.50,12,14250,2025-06-05
493,Salit Oil Jerry Can 5LTx4,1187.50,4,4750,2025-06-05
493,4U Bathing Soap Herbal 24x250gm,70.00,48,3360,2025-06-09
493,4U Bathing Soap Original 24x250gm,70.00,48,3360,2025-06-09
493,4U Bathing Soap Rose 24x250gm,70.00,48,3360,2025-06-09
493,Fresh Fri Oil Jerry Can 1LTx12(N),287.83,12,3454,2025-06-09
493,Fresh Fri Oil Jerry Can 1LTx12(N),287.83,120,34540,2025-06-09
493,Fresh Fri Oil Jerry Can 1LTx12(N),287.83,12,3454,2025-06-09
493,Fresh Fri Oil Jerry Can 1LTx12(N),287.83,24,6908,2025-06-09
493,Fresh Fri Oil Jerry Can 2LTx6(N),527.67,6,3166,2025-06-09
493,Fresh Fri Oil Jerry Can 2LTx6(N),527.67,6,3166,2025-06-09
493,Fresh Fri Oil Jerry Can 2LTx6(N),527.67,90,47490,2025-06-09
493,Fresh Fri Oil Jerry Can 2LTx6(N),527.67,30,15830,2025-06-09
493,Fresh Fri Oil Jerry Can 3LTx6(N),783.67,18,14106,2025-06-09
493,Fresh Fri Oil Jerry Can 3LTx6(N),783.67,60,47020,2025-06-09
493,Fresh Fri Oil Jerry Can 5LTx4(N),1199.50,12,14394,2025-06-09
493,Fresh Fri Oil Jerry Can 5LTx4(N),1199.50,20,23990,2025-06-09
493,Fresh Fri Oil Jerry Can 5LTx4(N),1199.50,4,4798,2025-06-09
493,Fresh Fri Oil Jerry Can 5LTx4(N),1199.50,60,71970,2025-06-09
493,Salit Oil Jerry Can 1LTx12,274.17,36,9870,2025-06-09
493,Salit Oil Jerry Can 2LTx6 (N),517.17,24,12412,2025-06-09
493,Salit Oil Jerry Can 5LTx4,1187.50,20,23750,2025-06-09
493,White Wash Multi Purpose Soap White Brilliant Colors 175GMx48,29.50,96,2832,2025-06-09
493,White Wash Multi Purpose Soap White Brilliant Colors 175GMx48,29.50,48,1416,2025-06-09
493,White Wash Multi Purpose Soap White Brilliant Colors 175GMx48,29.50,240,7080,2025-06-09
493,White Wash Multi Purpose Soap White Brilliant Colors 175GMx48,29.50,96,2832,2025-06-09
493,White Wash Multi Purpose Soap White Brilliant Colors 175GMx48,29.50,48,1416,2025-06-09
493,4U Bathing Soap Herbal 24x250gm,70.00,48,3360,2025-06-10
493,4U Bathing Soap Herbal 24x250gm,70.00,6,420,2025-06-10
493,4U Bathing Soap Herbal 24x250gm,70.00,24,1680,2025-06-10
493,4U Bathing Soap Original 24x250gm,70.00,6,420,2025-06-10
493,4U Bathing Soap Original 24x250gm,70.00,48,3360,2025-06-10
493,4U Bathing Soap Original 24x250gm,70.00,24,1680,2025-06-10
493,4U Bathing Soap Rose 24x250gm,70.00,6,420,2025-06-10
493,4U Bathing Soap Rose 24x250gm,70.00,48,3360,2025-06-10
493,4U Bathing Soap Rose 24x250gm,70.00,24,1680,2025-06-10
493,4U Bathing Soap Soft Embrace 144 x 15G,5.00,720,3600,2025-06-10
493,4U Milking Jelly 24 x 200ML,70.08,24,1682,2025-06-10
493,4U Milking Jelly 48 x 50ML,21.46,48,1030,2025-06-10
493,Belleza Aloe Body Lotion 100ML X  48,42.90,48,2059,2025-06-10
493,Belleza Rose Body Lotion 100ML X  48,42.90,48,2059,2025-06-10
493,Fresco Men Body Lotion 100ML X 48,42.90,48,2059,2025-06-10
493,Fresh Fri Oil Jerry Can 1LTx12(N),287.83,36,10362,2025-06-10
493,Fresh Fri Oil Jerry Can 1LTx12(N),287.83,120,34540,2025-06-10
493,Fresh Fri Oil Jerry Can 2LTx6(N),527.67,30,15830,2025-06-10
493,Fresh Fri Oil Jerry Can 2LTx6(N),527.67,30,15830,2025-06-10
493,Fresh Fri Oil Jerry Can 3LTx6(N),783.67,12,9404,2025-06-10
493,Fresh Fri Oil Jerry Can 3LTx6(N),783.67,30,23510,2025-06-10
493,Fresh Fri Oil Jerry Can 500MLx12(N),148.58,60,8915,2025-06-10
493,Fresh Fri Oil Jerry Can 5LTx4(N),1199.50,60,71970,2025-06-10
493,Fresh Fri Oil Jerry Can 5LTx4(N),1199.50,12,14394,2025-06-10
493,Frymate Fat IML Tub 1KG X 12,286.17,12,3434,2025-06-10
493,Frymate Fat IML Tub 500GM X 24,145.00,24,3480,2025-06-10
493,Frymate Fat IML Tub 500GM X 24,144.50,24,3468,2025-06-10
493,Mpishi Poa IML Tub 1KG X 12,289.00,12,3468,2025-06-10
493,Mpishi Poa IML Tub 500GM X 24,144.50,24,3468,2025-06-10
493,Mpishi Poa IML Tub 500GM X 24,145.00,24,3480,2025-06-10
493,Onja Margarine Carton 12X500G,180.25,24,4326,2025-06-10
493,Onja Margarine Carton 12X500G,180.25,12,2163,2025-06-10
493,Onja Margarine Carton 12X500G,255.00,3,765,2025-06-10
493,Onja Margarine Carton 24X250G,106.08,24,2546,2025-06-10
493,Onja Margarine Carton 24X250G,106.08,24,2546,2025-06-10
493,Popco Oil 500MLx12,142.67,12,1712,2025-06-10
493,Popco Oil 500MLx12,142.67,24,3424,2025-06-10
493,Popco Oil Jerry Can 1LTx12,277.00,12,3324,2025-06-10
493,Popco Oil Jerry Can 1LTx12,276.50,12,3318,2025-06-10
493,Popco Oil Jerry Can 1LTx12,276.50,36,9954,2025-06-10
493,Popco Oil Jerry Can 2LTx6,506.83,12,6082,2025-06-10
493,Popco Oil Jerry Can 2LTx6,506.83,30,15205,2025-06-10
493,Popco Oil Jerry Can 2LTx6,507.00,6,3042,2025-06-10
493,Popco Oil Jerry Can 3LTx6,752.67,12,9032,2025-06-10
493,Popco Oil Jerry Can 3LTx6,752.67,6,4516,2025-06-10
493,Popco Oil Jerry Can 5LTx4,1163.50,20,23270,2025-06-10
493,Popco Oil Jerry Can 5LTx4,1163.50,4,4654,2025-06-10
493,Salit Oil Jerry Can 1LTx12,274.00,12,3288,2025-06-10
493,Salit Oil Jerry Can 1LTx12,274.17,12,3290,2025-06-10
493,Salit Oil Jerry Can 1LTx12,274.17,36,9870,2025-06-10
493,Salit Oil Jerry Can 2LTx6 (N),517.17,6,3103,2025-06-10
493,Salit Oil Jerry Can 2LTx6 (N),517.17,30,15515,2025-06-10
493,Salit Oil Jerry Can 2LTx6 (N),517.00,6,3102,2025-06-10
493,Salit Oil Jerry Can 3LTx6 (N),768.00,18,13824,2025-06-10
493,Salit Oil Jerry Can 3LTx6 (N),768.00,6,4608,2025-06-10
493,Salit Oil Jerry Can 500MLx12,145.58,24,3494,2025-06-10
493,Salit Oil Jerry Can 5LTx4,1187.50,20,23750,2025-06-10
493,White Wash Multi Purpose Soap Blue Colour Retainer 175GMx48,29.50,48,1416,2025-06-10
493,White Wash Multi Purpose Soap Cream 175GMx48,29.50,48,1416,2025-06-10
493,White Wash Multi Purpose Soap Pink Pure Sensation 175GMx48,29.50,48,1416,2025-06-10
493,White Wash Multi Purpose Soap Pink Pure Sensation 175GMx48,29.50,48,1416,2025-06-10
493,White Wash Multi Purpose Soap White Brilliant Colors 175GMx48,29.50,96,2832,2025-06-10
493,4U Bathing Soap Herbal 24x250gm,70.00,24,1680,2025-06-11
493,4U Bathing Soap Herbal 24x250gm,70.00,24,1680,2025-06-11
493,4U Bathing Soap Herbal 24x250gm,70.00,6,420,2025-06-11
493,4U Bathing Soap Original 24x250gm,70.00,24,1680,2025-06-11
493,4U Bathing Soap Original 24x250gm,70.00,6,420,2025-06-11
493,4U Bathing Soap Rose 24x250gm,70.00,24,1680,2025-06-11
493,4U Bathing Soap Rose 24x250gm,70.00,6,420,2025-06-11
493,4U Milking Jelly 24 x 200ML,70.08,24,1682,2025-06-11
493,4U Milking Jelly 24 x 200ML,70.08,24,1682,2025-06-11
493,4U Milking Jelly 24 x 200ML,70.08,48,3364,2025-06-11
493,4U Milking Jelly 24 x 200ML,80.00,12,960,2025-06-11
493,4U Milking Jelly 48 x 50ML,21.46,48,1030,2025-06-11
493,4U Milking Jelly 48 x 50ML,21.46,96,2060,2025-06-11
493,4U Milking Jelly 48 x 50ML,30.00,12,360,2025-06-11
493,4U Milking Jelly 48 x 50ML,21.46,48,1030,2025-06-11
493,Fresh Fri Oil Jerry Can 1LTx12(N),287.83,24,6908,2025-06-11
493,Fresh Fri Oil Jerry Can 1LTx12(N),287.83,12,3454,2025-06-11
493,Fresh Fri Oil Jerry Can 1LTx12(N),287.83,24,6908,2025-06-11
493,Fresh Fri Oil Jerry Can 2LTx6(N),527.67,12,6332,2025-06-11
493,Fresh Fri Oil Jerry Can 2LTx6(N),527.67,18,9498,2025-06-11
493,Fresh Fri Oil Jerry Can 2LTx6(N),527.67,12,6332,2025-06-11
493,Fresh Fri Oil Jerry Can 3LTx6(N),783.67,12,9404,2025-06-11
493,Fresh Fri Oil Jerry Can 3LTx6(N),783.67,6,4702,2025-06-11
493,Fresh Fri Oil Jerry Can 5LTx4(N),1199.50,4,4798,2025-06-11
493,Mpishi Poa IML Tub 500GM X 24,145.00,24,3480,2025-06-11
493,Onja Margarine Carton 12X500G,180.25,12,2163,2025-06-11
493,Onja Margarine Carton 24X250G,106.08,24,2546,2025-06-11
493,Popco Oil Jerry Can 2LTx6,506.83,12,6082,2025-06-11
493,Popco Oil Jerry Can 3LTx6,752.67,6,4516,2025-06-11
493,Popco Oil Jerry Can 5LTx4,1163.50,4,4654,2025-06-11
493,Popco Oil Jerry Can 5LTx4,1163.50,8,9308,2025-06-11
493,Salit Oil Jerry Can 2LTx6 (N),517.00,6,3102,2025-06-11
493,Salit Oil Jerry Can 2LTx6 (N),517.17,12,6206,2025-06-11
493,Salit Oil Jerry Can 5LTx4,1187.50,8,9500,2025-06-11
493,White Wash Multi Purpose Soap Pink Pure Sensation 175GMx48,30.00,48,1440,2025-06-11
493,White Wash Multi Purpose Soap White Brilliant Colors 175GMx48,29.50,480,14160,2025-06-11
493,White Wash Multi Purpose Soap White Brilliant Colors 175GMx48,29.50,48,1416,2025-06-11
493,4U Bathing Soap Herbal 24x250gm,70.00,24,1680,2025-06-12
493,4U Bathing Soap Herbal 24x250gm,70.00,24,1680,2025-06-12
493,4U Bathing Soap Original 24x250gm,70.00,24,1680,2025-06-12
493,4U Bathing Soap Rose 24x250gm,70.00,24,1680,2025-06-12
493,4U Bathing Soap Rose 24x250gm,70.00,24,1680,2025-06-12
493,4U Bathing Soap Soft Embrace 144 x 15G,5.00,720,3600,2025-06-12
493,4U Bathing Soap Soft Embrace 144 x 15G,5.00,1440,7200,2025-06-12
493,4U Bathing Soap Soft Embrace 144 x 15G,5.00,288,1440,2025-06-12
493,4U Milking Jelly 24 x 200ML,70.08,24,1682,2025-06-12
493,4U Milking Jelly 48 x 50ML,21.46,48,1030,2025-06-12
493,Belleza Aloe Body Lotion 100ML X  48,42.90,48,2059,2025-06-12
493,Belleza Rose Body Lotion 100ML X  48,42.90,48,2059,2025-06-12
493,Fresco Men Body Lotion 100ML X 48,42.90,48,2059,2025-06-12
493,Fresh Fri Oil Jerry Can 1LTx12(N),288.00,12,3456,2025-06-12
493,Fresh Fri Oil Jerry Can 1LTx12(N),287.83,24,6908,2025-06-12
493,Fresh Fri Oil Jerry Can 2LTx6(N),528.00,6,3168,2025-06-12
493,Fresh Fri Oil Jerry Can 2LTx6(N),527.67,30,15830,2025-06-12
493,Fresh Fri Oil Jerry Can 3LTx6(N),783.67,12,9404,2025-06-12
493,Fresh Fri Oil Jerry Can 500MLx12(N),148.58,24,3566,2025-06-12
493,Fresh Fri Oil Jerry Can 5LTx4(N),1199.50,8,9596,2025-06-12
493,Onja Margarine Carton 12X500G,180.25,12,2163,2025-06-12
493,Popco Oil Jerry Can 1LTx12,276.50,12,3318,2025-06-12
493,Popco Oil Jerry Can 2LTx6,506.83,6,3041,2025-06-12
493,Popco Oil Jerry Can 2LTx6,506.83,6,3041,2025-06-12
493,Popco Oil Jerry Can 2LTx6,507.00,12,6084,2025-06-12
493,Popco Oil Jerry Can 2LTx6,506.83,6,3041,2025-06-12
493,Popco Oil Jerry Can 5LTx4,1164.00,4,4656,2025-06-12
493,Popco Oil Jerry Can 5LTx4,1163.50,8,9308,2025-06-12
493,Salit Oil Jerry Can 1LTx12,274.17,12,3290,2025-06-12
493,Salit Oil Jerry Can 2LTx6 (N),517.17,6,3103,2025-06-12
493,Salit Oil Jerry Can 2LTx6 (N),517.17,6,3103,2025-06-12
493,Salit Oil Jerry Can 5LTx4,1187.50,4,4750,2025-06-12
493,White Wash Multi Purpose Soap Pink Pure Sensation 175GMx48,29.50,96,2832,2025-06-12
493,White Wash Multi Purpose Soap Pink Pure Sensation 175GMx48,29.50,48,1416,2025-06-12
493,White Wash Multi Purpose Soap Pink Pure Sensation 175GMx48,29.50,48,1416,2025-06-12
493,White Wash Multi Purpose Soap Pink Pure Sensation 175GMx48,29.50,48,1416,2025-06-12
493,White Wash Multi Purpose Soap White Brilliant Colors 175GMx48,29.50,96,2832,2025-06-12
493,White Wash Multi Purpose Soap White Brilliant Colors 175GMx48,29.50,240,7080,2025-06-12
493,White Wash Multi Purpose Soap White Brilliant Colors 175GMx48,29.50,240,7080,2025-06-12
493,White Wash Multi Purpose Soap White Brilliant Colors 175GMx48,29.50,48,1416,2025-06-12
493,White Wash Multi Purpose Soap White Brilliant Colors 175GMx48,29.50,48,1416,2025-06-12
493,White Wash Multi Purpose Soap White Brilliant Colors 175GMx48,29.50,144,4248,2025-06-12
493,White Wash Multi Purpose Soap White Brilliant Colors 175GMx48,29.50,48,1416,2025-06-12
493,White Wash Multi Purpose Soap White Brilliant Colors 175GMx48,29.50,240,7080,2025-06-12
493,White Wash Multi Purpose Soap White Brilliant Colors 175GMx48,29.50,48,1416,2025-06-12
493,4U Bathing Soap Herbal 24x250gm,70.00,24,1680,2025-06-13
493,4U Bathing Soap Herbal 24x250gm,70.00,6,420,2025-06-13
493,4U Bathing Soap Original 24x250gm,70.00,6,420,2025-06-13
493,4U Bathing Soap Original 24x250gm,70.00,24,1680,2025-06-13
493,4U Bathing Soap Rose 24x250gm,70.00,24,1680,2025-06-13
493,4U Milking Jelly 24 x 200ML,80.00,6,480,2025-06-13
493,4U Milking Jelly 24 x 200ML,70.08,24,1682,2025-06-13
493,4U Milking Jelly 24 x 200ML,70.08,24,1682,2025-06-13
493,4U Milking Jelly 24 x 200ML,70.08,24,1682,2025-06-13
493,4U Milking Jelly 48 x 50ML,30.00,12,360,2025-06-13
493,4U Milking Jelly 48 x 50ML,21.46,48,1030,2025-06-13
493,4U Milking Jelly 48 x 50ML,21.46,48,1030,2025-06-13
493,4U Milking Jelly 48 x 50ML,30.00,12,360,2025-06-13
493,4U Milking Jelly 48 x 50ML,21.46,48,1030,2025-06-13
493,4U Milking Jelly 48 x 50ML,21.46,48,1030,2025-06-13
493,Fresh Fri Oil Jerry Can 2LTx6(N),527.67,6,3166,2025-06-13
493,Fresh Fri Oil Jerry Can 2LTx6(N),527.67,6,3166,2025-06-13
493,Fresh Fri Oil Jerry Can 5LTx4(N),1199.50,4,4798,2025-06-13
493,Salit Oil Jerry Can 2LTx6 (N),517.17,12,6206,2025-06-13
493,White Wash Multi Purpose Soap White Brilliant Colors 175GMx48,29.50,96,2832,2025-06-13
493,White Wash Multi Purpose Soap White Brilliant Colors 175GMx48,29.50,240,7080,2025-06-13
493,4U Bathing Soap Herbal 24x250gm,70.00,24,1680,2025-06-16
493,4U Bathing Soap Original 24x250gm,70.00,24,1680,2025-06-16
493,4U Bathing Soap Rose 24x250gm,70.00,24,1680,2025-06-16
493,4U Milking Jelly 24 x 200ML,80.00,12,960,2025-06-16
493,4U Milking Jelly 48 x 50ML,30.00,12,360,2025-06-16
493,Fresh Fri Oil Jerry Can 1LTx12(N),287.83,12,3454,2025-06-16
493,Fresh Fri Oil Jerry Can 2LTx6(N),527.67,18,9498,2025-06-16
493,Fresh Fri Oil Jerry Can 2LTx6(N),528.00,6,3168,2025-06-16
493,Fresh Fri Oil Jerry Can 2LTx6(N),527.67,12,6332,2025-06-16
493,Fresh Fri Oil Jerry Can 5LTx4(N),1199.50,4,4798,2025-06-16
493,Fresh Fri Oil Jerry Can 5LTx4(N),1199.50,20,23990,2025-06-16
493,Salit Oil Jerry Can 1LTx12,274.17,12,3290,2025-06-16
493,Salit Oil Jerry Can 1LTx12,274.00,12,3288,2025-06-16
493,Salit Oil Jerry Can 2LTx6 (N),517.00,6,3102,2025-06-16
493,Salit Oil Jerry Can 3LTx6 (N),768.00,6,4608,2025-06-16
493,Salit Oil Jerry Can 5LTx4,1188.00,8,9504,2025-06-16
493,White Wash Multi Purpose Soap White Brilliant Colors 175GMx48,29.50,240,7080,2025-06-16
493,4U Bathing Soap Herbal 24x250gm,70.00,12,840,2025-06-19
493,4U Bathing Soap Herbal 24x250gm,70.00,24,1680,2025-06-19
493,4U Bathing Soap Original 24x250gm,70.00,12,840,2025-06-19
493,4U Bathing Soap Original 24x250gm,70.00,24,1680,2025-06-19
493,4U Bathing Soap Rose 24x250gm,70.00,24,1680,2025-06-19
493,4U Bathing Soap Rose 24x250gm,70.00,12,840,2025-06-19
493,4U Bathing Soap Soft Embrace 144 x 15G,5.00,1440,7200,2025-06-19
493,4U Milking Jelly 24 x 200ML,70.08,24,1682,2025-06-19
493,4U Milking Jelly 24 x 200ML,70.08,24,1682,2025-06-19
493,4U Milking Jelly 24 x 200ML,70.08,24,1682,2025-06-19
493,4U Milking Jelly 48 x 50ML,21.46,48,1030,2025-06-19
493,4U Milking Jelly 48 x 50ML,21.46,48,1030,2025-06-19
493,4U Milking Jelly 48 x 50ML,21.46,48,1030,2025-06-19
493,Fresh Fri Oil Jerry Can 1LTx12(N),287.83,24,6908,2025-06-19
493,Fresh Fri Oil Jerry Can 1LTx12(N),288.00,12,3456,2025-06-19
493,Fresh Fri Oil Jerry Can 2LTx6(N),527.67,12,6332,2025-06-19
493,Fresh Fri Oil Jerry Can 2LTx6(N),528.00,6,3168,2025-06-19
493,Fresh Fri Oil Jerry Can 5LTx4(N),1199.50,20,23990,2025-06-19
493,Salit Oil Jerry Can 2LTx6 (N),517.00,6,3102,2025-06-19
493,White Wash Multi Purpose Soap Pink Pure Sensation 175GMx48,29.50,48,1416,2025-06-19
493,White Wash Multi Purpose Soap White Brilliant Colors 175GMx48,29.50,48,1416,2025-06-19
493,4U Bathing Soap Herbal 24x250gm,70.00,24,1680,2025-06-20
493,4U Bathing Soap Herbal 24x250gm,70.00,12,840,2025-06-20
493,4U Bathing Soap Original 24x250gm,70.00,24,1680,2025-06-20
493,4U Bathing Soap Original 24x250gm,70.00,12,840,2025-06-20
493,4U Bathing Soap Rose 24x250gm,70.00,24,1680,2025-06-20
493,4U Bathing Soap Rose 24x250gm,70.00,12,840,2025-06-20
493,4U Hair Food Deep Moisturizing 12x500ml,279.00,12,3348,2025-06-20
493,4U Milking Jelly 24 x 200ML,70.08,24,1682,2025-06-20
493,4U Milking Jelly 24 x 200ML,70.08,24,1682,2025-06-20
493,4U Milking Jelly 48 x 50ML,21.46,48,1030,2025-06-20
493,4U Milking Jelly 48 x 50ML,21.46,48,1030,2025-06-20
493,4U Milking Jelly 48 x 50ML,21.46,96,2060,2025-06-20
493,Fresh Fri Oil Jerry Can 1LTx12(N),287.83,24,6908,2025-06-20
493,Fresh Fri Oil Jerry Can 1LTx12(N),287.83,12,3454,2025-06-20
493,Fresh Fri Oil Jerry Can 2LTx6(N),527.67,12,6332,2025-06-20
493,Fresh Fri Oil Jerry Can 2LTx6(N),527.67,18,9498,2025-06-20
493,Fresh Fri Oil Jerry Can 2LTx6(N),528.00,12,6336,2025-06-20
493,Fresh Fri Oil Jerry Can 3LTx6(N),784.00,6,4704,2025-06-20
493,Fresh Fri Oil Jerry Can 3LTx6(N),783.67,6,4702,2025-06-20
493,Fresh Fri Oil Jerry Can 500MLx12(N),148.58,12,1783,2025-06-20
493,Fresh Fri Oil Jerry Can 5LTx4(N),1199.50,8,9596,2025-06-20
493,Fresh Fri Oil Jerry Can 5LTx4(N),1199.50,8,9596,2025-06-20
493,Onja Margarine Carton 12X500G,180.25,12,2163,2025-06-20
493,Onja Margarine Carton 12X500G,180.25,12,2163,2025-06-20
493,Onja Margarine Carton 24X250G,106.08,24,2546,2025-06-20
493,Onja Margarine Carton 24X250G,106.08,24,2546,2025-06-20
493,Popco Oil Jerry Can 2LTx6,507.00,6,3042,2025-06-20
493,Popco Oil Jerry Can 5LTx4,1163.50,12,13962,2025-06-20
493,Salit Oil Jerry Can 1LTx12,274.17,12,3290,2025-06-20
493,Salit Oil Jerry Can 2LTx6 (N),517.00,6,3102,2025-06-20
493,Salit Oil Jerry Can 2LTx6 (N),517.17,6,3103,2025-06-20
493,Salit Oil Jerry Can 3LTx6 (N),768.00,6,4608,2025-06-20
493,Salit Oil Jerry Can 500MLx12,145.58,12,1747,2025-06-20
493,Salit Oil Jerry Can 5LTx4,1187.50,4,4750,2025-06-20
493,White Wash Multi Purpose Soap Pink Pure Sensation 175GMx48,29.50,48,1416,2025-06-20
493,White Wash Multi Purpose Soap White Brilliant Colors 175GMx48,29.50,480,14160,2025-06-20
493,White Wash Multi Purpose Soap White Brilliant Colors 175GMx48,29.50,144,4248,2025-06-20
493,White Wash Multi Purpose Soap White Brilliant Colors 175GMx48,29.50,48,1416,2025-06-20
493,4U Milking Jelly 24 x 200ML,70.08,24,1682,2025-06-23
493,4U Milking Jelly 48 x 50ML,21.46,48,1030,2025-06-23
493,4U Milking Jelly 48 x 50ML,21.46,48,1030,2025-06-23
493,Fresh Fri Oil Jerry Can 1LTx12(N),288.00,12,3456,2025-06-23
493,Fresh Fri Oil Jerry Can 2LTx6(N),528.00,12,6336,2025-06-23
493,Fresh Fri Oil Jerry Can 2LTx6(N),527.67,12,6332,2025-06-23
493,Fresh Fri Oil Jerry Can 2LTx6(N),528.00,12,6336,2025-06-23
493,Fresh Fri Oil Jerry Can 3LTx6(N),784.00,6,4704,2025-06-23
493,Fresh Fri Oil Jerry Can 5LTx4(N),1200.00,8,9600,2025-06-23
493,Salit Oil Jerry Can 1LTx12,274.00,12,3288,2025-06-23
493,Salit Oil Jerry Can 2LTx6 (N),517.00,6,3102,2025-06-23
493,Salit Oil Jerry Can 3LTx6 (N),768.00,6,4608,2025-06-23
493,Salit Oil Jerry Can 5LTx4,1188.00,12,14256,2025-06-23
493,4U Bathing Soap Herbal 24x250gm,70.00,12,840,2025-06-24
493,4U Bathing Soap Herbal 24x250gm,70.00,24,1680,2025-06-24
493,4U Bathing Soap Original 24x250gm,70.00,12,840,2025-06-24
493,4U Bathing Soap Original 24x250gm,70.00,24,1680,2025-06-24
493,4U Bathing Soap Rose 24x250gm,70.00,24,1680,2025-06-24
493,4U Bathing Soap Rose 24x250gm,70.00,12,840,2025-06-24
493,4U Milking Jelly 24 x 200ML,70.08,24,1682,2025-06-24
493,4U Milking Jelly 24 x 200ML,70.08,24,1682,2025-06-24
493,4U Milking Jelly 24 x 200ML,70.08,24,1682,2025-06-24
493,4U Milking Jelly 24 x 200ML,80.00,12,960,2025-06-24
493,4U Milking Jelly 48 x 50ML,21.46,48,1030,2025-06-24
493,4U Milking Jelly 48 x 50ML,21.46,48,1030,2025-06-24
493,4U Milking Jelly 48 x 50ML,21.46,48,1030,2025-06-24
493,Fresh Fri Oil Jerry Can 1LTx12(N),287.83,24,6908,2025-06-24
493,Fresh Fri Oil Jerry Can 2LTx6(N),527.67,12,6332,2025-06-24
493,Fresh Fri Oil Jerry Can 2LTx6(N),527.67,30,15830,2025-06-24
493,Fresh Fri Oil Jerry Can 3LTx6(N),783.67,12,9404,2025-06-24
493,Fresh Fri Oil Jerry Can 5LTx4(N),1199.50,20,23990,2025-06-24
493,Onja Margarine Carton 24X250G,150.00,2,300,2025-06-24
493,Onja Margarine Carton 24X250G,150.00,6,900,2025-06-24
493,Popco Oil Jerry Can 2LTx6,506.83,30,15205,2025-06-24
493,Popco Oil Jerry Can 5LTx4,1163.50,20,23270,2025-06-24
493,Salit Oil Jerry Can 2LTx6 (N),517.17,12,6206,2025-06-24
493,Salit Oil Jerry Can 5LTx4,1187.50,8,9500,2025-06-24
493,White Wash Multi Purpose Soap White Brilliant Colors 175GMx48,29.50,240,7080,2025-06-24
493,White Wash Multi Purpose Soap White Brilliant Colors 175GMx48,29.50,960,28320,2025-06-24
493,White Wash Multi Purpose Soap White Brilliant Colors 175GMx48,29.50,240,7080,2025-06-24
493,White Wash Multi Purpose Soap White Brilliant Colors 175GMx48,29.50,96,2832,2025-06-24
493,White Wash Multi Purpose Soap White Brilliant Colors 175GMx48,29.50,240,7080,2025-06-24
493,4U Bathing Soap Herbal 24x250gm,70.00,12,840,2025-06-27
493,4U Bathing Soap Original 24x250gm,70.00,12,840,2025-06-27
493,4U Bathing Soap Rose 24x250gm,70.00,12,840,2025-06-27
493,4U Milking Jelly 24 x 200ML,70.08,24,1682,2025-06-27
493,4U Milking Jelly 24 x 200ML,70.08,24,1682,2025-06-27
493,4U Milking Jelly 48 x 50ML,21.46,48,1030,2025-06-27
493,4U Milking Jelly 48 x 50ML,21.46,48,1030,2025-06-27
493,Fresh Fri Oil Jerry Can 1LTx12(N),288.00,12,3456,2025-06-27
493,Fresh Fri Oil Jerry Can 1LTx12(N),287.83,96,27632,2025-06-27
493,Fresh Fri Oil Jerry Can 1LTx12(N),287.83,72,20724,2025-06-27
493,Fresh Fri Oil Jerry Can 250MLx24,80.79,48,3878,2025-06-27
493,Fresh Fri Oil Jerry Can 2LTx6(N),528.00,6,3168,2025-06-27
493,Fresh Fri Oil Jerry Can 2LTx6(N),528.00,6,3168,2025-06-27
493,Fresh Fri Oil Jerry Can 2LTx6(N),527.67,60,31660,2025-06-27
493,Fresh Fri Oil Jerry Can 2LTx6(N),528.00,6,3168,2025-06-27
493,Fresh Fri Oil Jerry Can 2LTx6(N),527.67,72,37992,2025-06-27
493,Fresh Fri Oil Jerry Can 2LTx6(N),528.00,6,3168,2025-06-27
493,Fresh Fri Oil Jerry Can 3LTx6(N),783.67,36,28212,2025-06-27
493,Fresh Fri Oil Jerry Can 3LTx6(N),783.67,72,56424,2025-06-27
493,Fresh Fri Oil Jerry Can 500MLx12(N),148.58,60,8915,2025-06-27
493,Fresh Fri Oil Jerry Can 500MLx12(N),148.58,156,23179,2025-06-27
493,Fresh Fri Oil Jerry Can 5LTx4(N),1199.50,32,38384,2025-06-27
493,Fresh Fri Oil Jerry Can 5LTx4(N),1199.50,20,23990,2025-06-27
493,Fryking Fat Yellow Tub 2KGx6,716.17,12,8594,2025-06-27
493,Fryking Fat Yellow Tub 500GMx24,184.42,48,8852,2025-06-27
493,Frymate Fat IML Tub 1KG X 12,286.17,36,10302,2025-06-27
493,Mpishi Poa IML Tub 1KG X 12,289.00,24,6936,2025-06-27
493,Mpishi Poa IML Tub 2KG X 6,578.00,12,6936,2025-06-27
493,Mpishi Poa IML Tub 500GM X 24,144.50,48,6936,2025-06-27
493,Onja Margarine Carton 12X500G,255.00,6,1530,2025-06-27
493,Onja Margarine Carton 12X500G,180.25,48,8652,2025-06-27
493,Onja Margarine Carton 24X250G,150.00,6,900,2025-06-27
493,Onja Margarine Carton 24X250G,106.08,48,5092,2025-06-27
493,Popco Oil Jerry Can 2LTx6,506.83,36,18246,2025-06-27
493,Popco Oil Jerry Can 3LTx6,752.67,24,18064,2025-06-27
493,Salit Oil Jerry Can 1LTx12,274.17,36,9870,2025-06-27
493,Salit Oil Jerry Can 1LTx12,274.17,48,13160,2025-06-27
493,Salit Oil Jerry Can 2LTx6 (N),517.17,36,18618,2025-06-27
493,Salit Oil Jerry Can 3LTx6 (N),768.00,18,13824,2025-06-27
493,Salit Oil Jerry Can 500MLx12,145.58,36,5241,2025-06-27
493,Salit Oil Jerry Can 5LTx4,1187.50,12,14250,2025-06-27
493,Salit Oil Jerry Can 5LTx4,1187.50,12,14250,2025-06-27
493,White Wash Multi Purpose Soap White Brilliant Colors 175GMx48,29.50,48,1416,2025-06-27
493,4U Bathing Soap Herbal 24x250gm,70.00,12,840,2025-06-30
493,4U Bathing Soap Herbal 24x250gm,70.00,6,420,2025-06-30
493,4U Bathing Soap Herbal 24x250gm,70.00,12,840,2025-06-30
493,4U Bathing Soap Herbal 24x250gm,70.00,6,420,2025-06-30
493,4U Bathing Soap Herbal 24x250gm,70.00,6,420,2025-06-30
493,4U Bathing Soap Original 24x250gm,70.00,12,840,2025-06-30
493,4U Bathing Soap Original 24x250gm,70.00,6,420,2025-06-30
493,4U Bathing Soap Original 24x250gm,70.00,12,840,2025-06-30
493,4U Bathing Soap Rose 24x250gm,70.00,6,420,2025-06-30
493,4U Bathing Soap Rose 24x250gm,70.00,12,840,2025-06-30
493,4U Bathing Soap Rose 24x250gm,70.00,12,840,2025-06-30
493,4U Hair Food Deep Moisturizing 12x500ml,310.00,1,310,2025-06-30
493,4U Milking Jelly 24 x 200ML,80.00,12,960,2025-06-30
493,4U Milking Jelly 24 x 200ML,80.00,12,960,2025-06-30
493,4U Milking Jelly 24 x 200ML,80.00,12,960,2025-06-30
493,4U Milking Jelly 24 x 200ML,80.00,6,480,2025-06-30
493,4U Milking Jelly 24 x 200ML,80.00,12,960,2025-06-30
493,4U Milking Jelly 24 x 200ML,80.00,6,480,2025-06-30
493,4U Milking Jelly 24 x 200ML,70.08,24,1682,2025-06-30
493,4U Milking Jelly 24 x 200ML,80.00,1,80,2025-06-30
493,4U Milking Jelly 48 x 50ML,30.00,12,360,2025-06-30
493,4U Milking Jelly 48 x 50ML,30.00,12,360,2025-06-30
493,4U Milking Jelly 48 x 50ML,30.00,18,540,2025-06-30
493,4U Milking Jelly 48 x 50ML,30.00,12,360,2025-06-30
493,4U Milking Jelly 48 x 50ML,30.00,6,180,2025-06-30
493,4U Milking Jelly 48 x 50ML,30.00,12,360,2025-06-30
493,4U Milking Jelly 48 x 50ML,30.00,36,1080,2025-06-30
493,Fresh Fri Oil Jerry Can 1LTx12(N),287.83,12,3454,2025-06-30
493,Fresh Fri Oil Jerry Can 1LTx12(N),287.83,12,3454,2025-06-30
493,Fresh Fri Oil Jerry Can 2LTx6(N),527.67,6,3166,2025-06-30
493,Fresh Fri Oil Jerry Can 2LTx6(N),527.67,12,6332,2025-06-30
493,Fresh Fri Oil Jerry Can 2LTx6(N),527.67,12,6332,2025-06-30
493,Fresh Fri Oil Jerry Can 3LTx6(N),783.67,6,4702,2025-06-30
493,Fresh Fri Oil Jerry Can 3LTx6(N),783.67,6,4702,2025-06-30
493,Fresh Fri Oil Jerry Can 5LTx4(N),1199.50,8,9596,2025-06-30
493,Onja Margarine Carton 12X500G,255.00,1,255,2025-06-30
493,Onja Margarine Carton 24X250G,150.00,3,450,2025-06-30
493,Onja Margarine Carton 24X250G,150.00,3,450,2025-06-30
493,Onja Margarine Carton 24X250G,150.00,3,450,2025-06-30
493,Onja Margarine Carton 24X250G,150.00,6,900,2025-06-30
493,Popco Oil Jerry Can 5LTx4,1163.50,12,13962,2025-06-30
663,4U Bathing Soap Herbal 24x250gm,70.00,1200,84000,2025-06-09
663,4U Bathing Soap Original 24x250gm,70.00,1200,84000,2025-06-09
663,4U Bathing Soap Rose 24x250gm,70.00,1200,84000,2025-06-09
663,4U Hair Food Deep Moisturizing 12x500ml,279.00,12,3348,2025-06-09
663,4U Milking Jelly 24 x 200ML,70.08,1920,134560,2025-06-09
663,4U Milking Jelly 48 x 50ML,21.46,4800,103000,2025-06-09
663,Belleza Aloe Body Lotion 100ML X  48,42.90,96,4118,2025-06-09
663,Fresco Men Body Lotion 100ML X 48,42.90,96,4118,2025-06-09
663,Fresh Fri Oil Jerry Can 1LTx12(N),287.83,600,172700,2025-06-09
663,Fresh Fri Oil Jerry Can 1LTx12(N),287.83,60,17270,2025-06-09
663,Fresh Fri Oil Jerry Can 1LTx12(N),287.83,1800,518100,2025-06-09
663,Fresh Fri Oil Jerry Can 1LTx12(N),287.83,2400,690800,2025-06-09
663,Fresh Fri Oil Jerry Can 250MLx24,80.79,1200,96950,2025-06-09
663,Fresh Fri Oil Jerry Can 250MLx24,80.79,120,9695,2025-06-09
663,Fresh Fri Oil Jerry Can 250MLx24,80.79,3600,290850,2025-06-09
663,Fresh Fri Oil Jerry Can 250MLx24,80.79,3600,290850,2025-06-09
663,Fresh Fri Oil Jerry Can 2LTx6(N),527.67,300,158300,2025-06-09
663,Fresh Fri Oil Jerry Can 2LTx6(N),527.67,30,15830,2025-06-09
663,Fresh Fri Oil Jerry Can 2LTx6(N),527.67,600,316600,2025-06-09
663,Fresh Fri Oil Jerry Can 2LTx6(N),527.67,1200,633200,2025-06-09
663,Fresh Fri Oil Jerry Can 3LTx6(N),783.67,300,235100,2025-06-09
663,Fresh Fri Oil Jerry Can 3LTx6(N),783.67,30,23510,2025-06-09
663,Fresh Fri Oil Jerry Can 3LTx6(N),783.67,900,705300,2025-06-09
663,Fresh Fri Oil Jerry Can 500MLx12(N),148.58,600,89150,2025-06-09
663,Fresh Fri Oil Jerry Can 500MLx12(N),148.58,1800,267450,2025-06-09
663,Fresh Fri Oil Jerry Can 500MLx12(N),148.58,60,8915,2025-06-09
663,Fresh Fri Oil Jerry Can 5LTx4(N),1199.50,12,14394,2025-06-09
663,Fresh Fri Oil Jerry Can 5LTx4(N),1199.50,600,719700,2025-06-09
663,Onja Margarine Carton 12X500G,180.25,24,4326,2025-06-09
663,Onja Margarine Carton 12X500G,180.25,24,4326,2025-06-09
663,Onja Margarine Carton 24X250G,106.08,48,5092,2025-06-09
663,Onja Margarine Carton 24X250G,106.08,48,5092,2025-06-09
663,Popco Oil 500MLx12,142.67,600,85600,2025-06-09
663,Popco Oil Jerry Can 1LTx12,276.50,600,165900,2025-06-09
663,Popco Oil Jerry Can 2LTx6,506.83,300,152050,2025-06-09
663,Salit Oil Jerry Can 1LTx12,274.17,2400,658000,2025-06-09
663,Salit Oil Jerry Can 1LTx12,274.00,150,41100,2025-06-09
663,Salit Oil Jerry Can 2LTx6 (N),517.17,1200,620600,2025-06-09
663,Salit Oil Jerry Can 2LTx6 (N),517.17,600,310300,2025-06-09
663,Salit Oil Jerry Can 2LTx6 (N),517.17,900,465450,2025-06-09
663,Salit Oil Jerry Can 2LTx6 (N),517.17,18,9309,2025-06-09
663,Salit Oil Jerry Can 3LTx6 (N),768.00,1200,921600,2025-06-09
663,Salit Oil Jerry Can 3LTx6 (N),768.00,600,460800,2025-06-09
663,Salit Oil Jerry Can 3LTx6 (N),768.00,300,230400,2025-06-09
663,Salit Oil Jerry Can 3LTx6 (N),768.00,18,13824,2025-06-09
663,Salit Oil Jerry Can 500MLx12,145.58,1200,174700,2025-06-09
663,Salit Oil Jerry Can 500MLx12,145.58,600,87350,2025-06-09
663,Salit Oil Jerry Can 500MLx12,145.58,36,5241,2025-06-09
663,Salit Oil Jerry Can 5LTx4,1187.50,400,475000,2025-06-09
663,Salit Oil Jerry Can 5LTx4,1187.50,200,237500,2025-06-09
663,Salit Oil Jerry Can 5LTx4,1187.50,800,950000,2025-06-09
663,Salit Oil Jerry Can 5LTx4,1187.50,20,23750,2025-06-09
663,Belleza Aloe Body Lotion 100ML X  48,42.90,960,41180,2025-06-10
663,Fresco Men Body Lotion 100ML X 48,42.90,960,41180,2025-06-10
663,4U Bathing Soap Herbal 24x250gm,70.00,6,420,2025-06-11
663,4U Bathing Soap Herbal 24x250gm,70.00,240,16800,2025-06-11
663,4U Bathing Soap Herbal 24x250gm,70.00,120,8400,2025-06-11
663,4U Bathing Soap Herbal 24x250gm,70.00,240,16800,2025-06-11
663,4U Bathing Soap Herbal 24x250gm,70.00,240,16800,2025-06-11
663,4U Bathing Soap Original 24x250gm,70.00,144,10080,2025-06-11
663,4U Bathing Soap Original 24x250gm,70.00,240,16800,2025-06-11
663,4U Bathing Soap Original 24x250gm,70.00,240,16800,2025-06-11
663,4U Bathing Soap Original 24x250gm,70.00,48,3360,2025-06-11
663,4U Bathing Soap Rose 24x250gm,70.00,120,8400,2025-06-11
663,4U Bathing Soap Rose 24x250gm,70.00,144,10080,2025-06-11
663,4U Bathing Soap Rose 24x250gm,70.00,240,16800,2025-06-11
663,4U Bathing Soap Rose 24x250gm,70.00,480,33600,2025-06-11
663,4U Bathing Soap Rose 24x250gm,70.00,240,16800,2025-06-11
663,4U Milking Jelly 24 x 200ML,70.08,240,16820,2025-06-11
663,Belleza Aloe Body Lotion 100ML X  48,42.90,240,10295,2025-06-11
663,Belleza Aloe Body Lotion 100ML X  48,42.90,48,2059,2025-06-11
663,Fresco Men Body Lotion 100ML X 48,42.90,240,10295,2025-06-11
663,Fresco Men Body Lotion 100ML X 48,42.90,96,4118,2025-06-11
663,Fresh Fri Oil Jerry Can 1LTx12(N),287.83,240,69080,2025-06-11
663,Fresh Fri Oil Jerry Can 1LTx12(N),287.83,12,3454,2025-06-11
663,Fresh Fri Oil Jerry Can 250MLx24,80.79,480,38780,2025-06-11
663,Fresh Fri Oil Jerry Can 250MLx24,80.79,24,1939,2025-06-11
663,Fresh Fri Oil Jerry Can 2LTx6(N),527.67,120,63320,2025-06-11
663,Fresh Fri Oil Jerry Can 2LTx6(N),527.67,6,3166,2025-06-11
663,Fresh Fri Oil Jerry Can 3LTx6(N),783.67,6,4702,2025-06-11
663,Fresh Fri Oil Jerry Can 500MLx12(N),148.58,600,89150,2025-06-11
663,Fresh Fri Oil Jerry Can 5LTx4(N),1199.50,4,4798,2025-06-11
663,Fresh Fri Oil Jerry Can 5LTx4(N),1199.50,200,239900,2025-06-11
663,Belleza Aloe Body Lotion 100ML X  48,42.90,48,2059,2025-06-12
663,Fresco Men Body Lotion 100ML X 48,42.90,48,2059,2025-06-12
663,4U Bathing Soap Herbal 24x250gm,70.00,24,1680,2025-06-17
663,4U Bathing Soap Herbal 24x250gm,70.00,24,1680,2025-06-17
663,4U Bathing Soap Herbal 24x250gm,70.00,24,1680,2025-06-17
663,4U Bathing Soap Original 24x250gm,70.00,24,1680,2025-06-17
663,4U Bathing Soap Original 24x250gm,70.00,24,1680,2025-06-17
663,4U Bathing Soap Original 24x250gm,70.00,24,1680,2025-06-17
663,4U Bathing Soap Original 24x250gm,70.00,24,1680,2025-06-17
663,4U Bathing Soap Rose 24x250gm,70.00,1,70,2025-06-17
663,4U Bathing Soap Rose 24x250gm,70.00,24,1680,2025-06-17
663,4U Bathing Soap Rose 24x250gm,70.00,24,1680,2025-06-17
663,4U Bathing Soap Rose 24x250gm,70.00,24,1680,2025-06-17
663,4U Hair Food Deep Moisturizing 12x500ml,279.00,12,3348,2025-06-17
663,4U Hair Food Deep Moisturizing 12x500ml,279.00,12,3348,2025-06-17
663,4U Milking Jelly 24 x 200ML,70.08,24,1682,2025-06-17
663,4U Milking Jelly 24 x 200ML,70.08,24,1682,2025-06-17
663,4U Milking Jelly 48 x 50ML,21.46,48,1030,2025-06-17
663,4U Milking Jelly 48 x 50ML,21.46,48,1030,2025-06-17
663,Belleza Aloe Body Lotion 100ML X  48,42.90,48,2059,2025-06-17
663,Fresco Men Body Lotion 100ML X 48,42.90,48,2059,2025-06-17
663,Fresh Fri Oil Jerry Can 1LTx12(N),287.83,12,3454,2025-06-17
663,Fresh Fri Oil Jerry Can 1LTx12(N),287.83,60,17270,2025-06-17
663,Fresh Fri Oil Jerry Can 250MLx24,80.79,24,1939,2025-06-17
663,Fresh Fri Oil Jerry Can 250MLx24,80.79,120,9695,2025-06-17
663,Fresh Fri Oil Jerry Can 2LTx6(N),527.67,6,3166,2025-06-17
663,Fresh Fri Oil Jerry Can 2LTx6(N),527.67,30,15830,2025-06-17
663,Fresh Fri Oil Jerry Can 3LTx6(N),783.67,6,4702,2025-06-17
663,Fresh Fri Oil Jerry Can 500MLx12(N),148.58,12,1783,2025-06-17
663,Fresh Fri Oil Jerry Can 5LTx4(N),1199.50,4,4798,2025-06-17
663,Salit Oil Jerry Can 1LTx12,274.17,24,6580,2025-06-17
663,Salit Oil Jerry Can 1LTx12,274.17,12,3290,2025-06-17
663,Salit Oil Jerry Can 2LTx6 (N),517.17,12,6206,2025-06-17
663,Salit Oil Jerry Can 2LTx6 (N),517.17,6,3103,2025-06-17
663,Salit Oil Jerry Can 3LTx6 (N),768.00,12,9216,2025-06-17
663,Salit Oil Jerry Can 3LTx6 (N),768.00,6,4608,2025-06-17
663,Salit Oil Jerry Can 500MLx12,145.58,24,3494,2025-06-17
663,Salit Oil Jerry Can 500MLx12,145.58,12,1747,2025-06-17
663,Salit Oil Jerry Can 5LTx4,1187.50,8,9500,2025-06-17
663,Salit Oil Jerry Can 5LTx4,1187.50,4,4750,2025-06-17
663,4U Bathing Soap Herbal 24x250gm,70.00,24,1680,2025-06-18
663,4U Bathing Soap Herbal 24x250gm,70.00,24,1680,2025-06-18
663,4U Bathing Soap Original 24x250gm,70.00,24,1680,2025-06-18
663,4U Bathing Soap Original 24x250gm,70.00,24,1680,2025-06-18
663,4U Bathing Soap Rose 24x250gm,70.00,24,1680,2025-06-18
663,4U Bathing Soap Rose 24x250gm,70.00,24,1680,2025-06-18
663,4U Milking Jelly 24 x 200ML,70.08,24,1682,2025-06-18
663,4U Milking Jelly 24 x 200ML,70.08,24,1682,2025-06-18
663,4U Milking Jelly 24 x 200ML,70.08,24,1682,2025-06-18
663,4U Milking Jelly 48 x 50ML,21.46,48,1030,2025-06-18
663,4U Milking Jelly 48 x 50ML,21.46,48,1030,2025-06-18
663,4U Milking Jelly 48 x 50ML,21.46,48,1030,2025-06-18
663,Fresh Fri Oil Jerry Can 1LTx12(N),287.83,12,3454,2025-06-18
663,Fresh Fri Oil Jerry Can 1LTx12(N),287.83,12,3454,2025-06-18
663,Fresh Fri Oil Jerry Can 250MLx24,80.79,120,9695,2025-06-18
663,Fresh Fri Oil Jerry Can 250MLx24,80.79,24,1939,2025-06-18
663,Fresh Fri Oil Jerry Can 2LTx6(N),527.67,30,15830,2025-06-18
663,Fresh Fri Oil Jerry Can 2LTx6(N),527.67,6,3166,2025-06-18
663,Fresh Fri Oil Jerry Can 3LTx6(N),783.67,30,23510,2025-06-18
663,Fresh Fri Oil Jerry Can 500MLx12(N),148.58,60,8915,2025-06-18
663,Salit Oil Jerry Can 2LTx6 (N),517.17,30,15515,2025-06-18
663,Salit Oil Jerry Can 3LTx6 (N),768.00,30,23040,2025-06-18
663,Salit Oil Jerry Can 500MLx12,145.58,60,8735,2025-06-18
663,Salit Oil Jerry Can 5LTx4,1187.50,20,23750,2025-06-18
663,4U Bathing Soap Herbal 24x250gm,70.00,24,1680,2025-06-24
663,4U Bathing Soap Herbal 24x250gm,70.00,24,1680,2025-06-24
663,4U Bathing Soap Herbal 24x250gm,70.00,10,700,2025-06-24
663,4U Bathing Soap Herbal 24x250gm,70.00,24,1680,2025-06-24
663,4U Bathing Soap Original 24x250gm,70.00,24,1680,2025-06-24
663,4U Bathing Soap Original 24x250gm,70.00,24,1680,2025-06-24
663,4U Bathing Soap Original 24x250gm,70.00,24,1680,2025-06-24
663,4U Bathing Soap Original 24x250gm,70.00,240,16800,2025-06-24
663,4U Bathing Soap Rose 24x250gm,70.00,24,1680,2025-06-24
663,4U Bathing Soap Rose 24x250gm,70.00,96,6720,2025-06-24
663,4U Bathing Soap Rose 24x250gm,70.00,240,16800,2025-06-24
663,4U Bathing Soap Rose 24x250gm,70.00,24,1680,2025-06-24
663,4U Hair Food Deep Moisturizing 12x500ml,279.00,12,3348,2025-06-24
663,4U Hair Food Deep Moisturizing 12x500ml,279.00,12,3348,2025-06-24
663,4U Hair Food Deep Moisturizing 12x500ml,279.00,12,3348,2025-06-24
663,4U Hair Food Deep Moisturizing 12x500ml,279.00,12,3348,2025-06-24
663,4U Milking Jelly 24 x 200ML,70.08,24,1682,2025-06-24
663,4U Milking Jelly 24 x 200ML,70.08,24,1682,2025-06-24
663,4U Milking Jelly 24 x 200ML,70.08,24,1682,2025-06-24
663,4U Milking Jelly 24 x 200ML,70.08,24,1682,2025-06-24
663,4U Milking Jelly 48 x 50ML,21.46,48,1030,2025-06-24
663,4U Milking Jelly 48 x 50ML,21.46,48,1030,2025-06-24
663,4U Milking Jelly 48 x 50ML,21.46,48,1030,2025-06-24
663,4U Milking Jelly 48 x 50ML,21.46,48,1030,2025-06-24
663,Belleza Aloe Body Lotion 100ML X  48,42.90,48,2059,2025-06-24
663,Fresco Men Body Lotion 100ML X 48,42.90,48,2059,2025-06-24
663,Fresh Fri Oil Jerry Can 1LTx12(N),287.83,600,172700,2025-06-24
663,Fresh Fri Oil Jerry Can 250MLx24,80.79,1200,96950,2025-06-24
663,Fresh Fri Oil Jerry Can 3LTx6(N),783.67,300,235100,2025-06-24
663,Fresh Fri Oil Jerry Can 500MLx12(N),148.58,600,89150,2025-06-24
663,Salit Oil Jerry Can 3LTx6 (N),768.00,120,92160,2025-06-24
663,Salit Oil Jerry Can 500MLx12,145.58,240,34940,2025-06-24
663,Salit Oil Jerry Can 5LTx4,1187.50,80,95000,2025-06-24
663,4U Hair Food Deep Moisturizing 12x500ml,279.00,12,3348,2025-06-25
663,Fresh Fri Oil Jerry Can 1LTx12(N),287.83,60,17270,2025-06-25
663,Fresh Fri Oil Jerry Can 250MLx24,80.79,120,9695,2025-06-25
663,Fresh Fri Oil Jerry Can 2LTx6(N),527.67,12,6332,2025-06-25
663,4U Hair Food Deep Moisturizing 12x500ml,279.00,12,3348,2025-06-26
663,Fresh Fri Oil Jerry Can 2LTx6(N),527.67,1200,633200,2025-06-26
663,Fresh Fri Oil Jerry Can 1LTx12(N),287.83,60,17270,2025-06-30
663,Fresh Fri Oil Jerry Can 1LTx12(N),287.83,1200,345400,2025-06-30
663,Fresh Fri Oil Jerry Can 250MLx24,80.79,120,9695,2025-06-30
663,Fresh Fri Oil Jerry Can 250MLx24,80.79,2400,193900,2025-06-30
663,Fresh Fri Oil Jerry Can 2LTx6(N),527.67,600,316600,2025-06-30
663,Fresh Fri Oil Jerry Can 2LTx6(N),527.67,12,6332,2025-06-30
663,Fresh Fri Oil Jerry Can 3LTx6(N),784.00,5,3920,2025-06-30
663,Fresh Fri Oil Jerry Can 5LTx4(N),1199.50,800,959600,2025-06-30
663,Salit Oil Jerry Can 1LTx12,274.17,60,16450,2025-06-30
663,Salit Oil Jerry Can 3LTx6 (N),768.00,24,18432,2025-06-30
663,Salit Oil Jerry Can 3LTx6 (N),768.00,60,46080,2025-06-30
663,Salit Oil Jerry Can 500MLx12,145.58,60,8735,2025-06-30
663,Salit Oil Jerry Can 500MLx12,145.58,24,3494,2025-06-30
663,Salit Oil Jerry Can 5LTx4,1187.50,16,19000,2025-06-30
663,Salit Oil Jerry Can 5LTx4,1187.50,20,23750,2025-06-30
